/*
SQLyog Community v12.09 (64 bit)
MySQL - 10.1.38-MariaDB : Database - sistem_gaji
*********************************************************************
*/

/*!40101 SET NAMES utf8 */;

/*!40101 SET SQL_MODE=''*/;

/*!40014 SET @OLD_UNIQUE_CHECKS=@@UNIQUE_CHECKS, UNIQUE_CHECKS=0 */;
/*!40014 SET @OLD_FOREIGN_KEY_CHECKS=@@FOREIGN_KEY_CHECKS, FOREIGN_KEY_CHECKS=0 */;
/*!40101 SET @OLD_SQL_MODE=@@SQL_MODE, SQL_MODE='NO_AUTO_VALUE_ON_ZERO' */;
/*!40111 SET @OLD_SQL_NOTES=@@SQL_NOTES, SQL_NOTES=0 */;
CREATE DATABASE /*!32312 IF NOT EXISTS*/`sistem_gaji` /*!40100 DEFAULT CHARACTER SET latin1 */;

USE `sistem_gaji`;

/*Table structure for table `absen` */

DROP TABLE IF EXISTS `absen`;

CREATE TABLE `absen` (
  `ID_ABSEN` int(11) NOT NULL AUTO_INCREMENT,
  `ID_KAR` int(11) NOT NULL,
  `TANGGAL_ABSEN` date NOT NULL,
  `KETERANGAN_ABSEN` varchar(50) NOT NULL,
  `LAMA_ABSEN` smallint(6) NOT NULL,
  PRIMARY KEY (`ID_ABSEN`),
  KEY `FK_ABSEN_1` (`ID_KAR`),
  CONSTRAINT `FK_ABSEN_1` FOREIGN KEY (`ID_KAR`) REFERENCES `karyawan` (`ID_KAR`) ON DELETE CASCADE ON UPDATE CASCADE
) ENGINE=InnoDB DEFAULT CHARSET=latin1;

/*Data for the table `absen` */

/*Table structure for table `agama` */

DROP TABLE IF EXISTS `agama`;

CREATE TABLE `agama` (
  `ID_AGAMA` int(11) NOT NULL AUTO_INCREMENT,
  `NAMA_AGAMA` varchar(15) NOT NULL,
  PRIMARY KEY (`ID_AGAMA`)
) ENGINE=InnoDB AUTO_INCREMENT=7 DEFAULT CHARSET=latin1;

/*Data for the table `agama` */

insert  into `agama`(`ID_AGAMA`,`NAMA_AGAMA`) values (1,'Islam'),(2,'Katolik'),(3,'Kristen'),(4,'Hindu'),(5,'Buddha'),(6,'Konghucu');

/*Table structure for table `angsuran` */

DROP TABLE IF EXISTS `angsuran`;

CREATE TABLE `angsuran` (
  `ID_ANG` int(11) NOT NULL AUTO_INCREMENT,
  `ID_KAR` int(11) DEFAULT NULL,
  PRIMARY KEY (`ID_ANG`),
  KEY `FK_ANGSURAN_1` (`ID_KAR`),
  CONSTRAINT `FK_ANGSURAN_1` FOREIGN KEY (`ID_KAR`) REFERENCES `karyawan` (`ID_KAR`) ON DELETE CASCADE ON UPDATE CASCADE
) ENGINE=InnoDB DEFAULT CHARSET=latin1;

/*Data for the table `angsuran` */

/*Table structure for table `departemen` */

DROP TABLE IF EXISTS `departemen`;

CREATE TABLE `departemen` (
  `ID_DEPT` int(11) NOT NULL AUTO_INCREMENT,
  PRIMARY KEY (`ID_DEPT`)
) ENGINE=InnoDB AUTO_INCREMENT=65 DEFAULT CHARSET=latin1;

/*Data for the table `departemen` */

insert  into `departemen`(`ID_DEPT`) values (1),(2),(3),(4),(5),(7),(8),(9),(10),(11),(15),(16),(17),(18),(19),(20),(21),(22),(23),(24),(25),(26),(27),(28),(29),(30),(31),(32),(33),(34),(36),(37),(38),(39),(40),(41),(42),(43),(44),(45),(46),(49),(50),(55),(56),(58),(59),(60),(61),(62),(63),(64);

/*Table structure for table `gaji` */

DROP TABLE IF EXISTS `gaji`;

CREATE TABLE `gaji` (
  `PERIODE` date NOT NULL,
  `ID_KAR` int(11) NOT NULL,
  `KINERJA` char(1) DEFAULT NULL,
  `GAJI_LAIN` int(11) NOT NULL DEFAULT '0',
  `PPH21` int(11) NOT NULL DEFAULT '0',
  PRIMARY KEY (`PERIODE`,`ID_KAR`),
  KEY `FK_GAJI_1` (`KINERJA`),
  KEY `FK_GAJI_2` (`ID_KAR`),
  CONSTRAINT `FK_GAJI_1` FOREIGN KEY (`KINERJA`) REFERENCES `kinerja` (`KINERJA`) ON DELETE SET NULL ON UPDATE CASCADE,
  CONSTRAINT `FK_GAJI_2` FOREIGN KEY (`ID_KAR`) REFERENCES `karyawan` (`ID_KAR`) ON DELETE CASCADE ON UPDATE CASCADE,
  CONSTRAINT `FK_GAJI_3` FOREIGN KEY (`PERIODE`) REFERENCES `periode` (`PERIODE`) ON DELETE CASCADE ON UPDATE CASCADE
) ENGINE=InnoDB DEFAULT CHARSET=latin1;

/*Data for the table `gaji` */

/*Table structure for table `jabatan` */

DROP TABLE IF EXISTS `jabatan`;

CREATE TABLE `jabatan` (
  `ID_JABATAN` int(11) NOT NULL AUTO_INCREMENT,
  PRIMARY KEY (`ID_JABATAN`)
) ENGINE=InnoDB AUTO_INCREMENT=24 DEFAULT CHARSET=latin1;

/*Data for the table `jabatan` */

insert  into `jabatan`(`ID_JABATAN`) values (1),(2),(3),(4),(5),(6),(7),(8),(9),(10),(11),(12),(13),(14),(15),(16),(17),(18),(19),(20),(21),(22),(23);

/*Table structure for table `jam_lembur` */

DROP TABLE IF EXISTS `jam_lembur`;

CREATE TABLE `jam_lembur` (
  `JAM_LEMBUR` int(11) NOT NULL,
  PRIMARY KEY (`JAM_LEMBUR`)
) ENGINE=InnoDB DEFAULT CHARSET=latin1;

/*Data for the table `jam_lembur` */

insert  into `jam_lembur`(`JAM_LEMBUR`) values (1),(2),(3);

/*Table structure for table `jenis_kelamin` */

DROP TABLE IF EXISTS `jenis_kelamin`;

CREATE TABLE `jenis_kelamin` (
  `ID_JK` int(11) NOT NULL AUTO_INCREMENT,
  `NAMA_JK` varchar(11) NOT NULL,
  PRIMARY KEY (`ID_JK`)
) ENGINE=InnoDB AUTO_INCREMENT=3 DEFAULT CHARSET=latin1;

/*Data for the table `jenis_kelamin` */

insert  into `jenis_kelamin`(`ID_JK`,`NAMA_JK`) values (1,'Laki - laki'),(2,'Perempuan');

/*Table structure for table `job_level` */

DROP TABLE IF EXISTS `job_level`;

CREATE TABLE `job_level` (
  `ID_JOB` int(11) NOT NULL AUTO_INCREMENT,
  PRIMARY KEY (`ID_JOB`)
) ENGINE=InnoDB AUTO_INCREMENT=32 DEFAULT CHARSET=latin1;

/*Data for the table `job_level` */

insert  into `job_level`(`ID_JOB`) values (1),(2),(3),(4),(5),(6),(7),(8),(9),(10),(11),(12),(13),(14),(17),(18),(24),(25),(26),(27),(28),(29),(30),(31);

/*Table structure for table `karyawan` */

DROP TABLE IF EXISTS `karyawan`;

CREATE TABLE `karyawan` (
  `ID_KAR` int(11) NOT NULL AUTO_INCREMENT,
  PRIMARY KEY (`ID_KAR`)
) ENGINE=InnoDB AUTO_INCREMENT=16 DEFAULT CHARSET=latin1;

/*Data for the table `karyawan` */

insert  into `karyawan`(`ID_KAR`) values (1),(8),(9),(10),(11),(12),(15);

/*Table structure for table `kinerja` */

DROP TABLE IF EXISTS `kinerja`;

CREATE TABLE `kinerja` (
  `KINERJA` char(1) NOT NULL,
  PRIMARY KEY (`KINERJA`)
) ENGINE=InnoDB DEFAULT CHARSET=latin1;

/*Data for the table `kinerja` */

insert  into `kinerja`(`KINERJA`) values ('A'),('B'),('C');

/*Table structure for table `lembur` */

DROP TABLE IF EXISTS `lembur`;

CREATE TABLE `lembur` (
  `ID_LEMBUR` int(11) NOT NULL AUTO_INCREMENT,
  `ID_SHIFT` int(11) DEFAULT NULL,
  `ID_KAR` int(11) NOT NULL,
  `TANGGAL_LEMBUR` date NOT NULL,
  `LAMA_LEMBUR` smallint(6) NOT NULL,
  `KETERANGAN_LEMBUR` varchar(50) NOT NULL,
  `MAKAN_LEMBUR` tinyint(4) NOT NULL,
  `TRANSPORT_LEMBUR` tinyint(4) NOT NULL,
  PRIMARY KEY (`ID_LEMBUR`),
  KEY `FK_LEMBUR_2` (`ID_KAR`),
  KEY `FK_LEMBUR_1` (`ID_SHIFT`),
  CONSTRAINT `FK_LEMBUR_1` FOREIGN KEY (`ID_SHIFT`) REFERENCES `shift` (`ID_SHIFT`),
  CONSTRAINT `FK_LEMBUR_2` FOREIGN KEY (`ID_KAR`) REFERENCES `karyawan` (`ID_KAR`) ON DELETE CASCADE ON UPDATE CASCADE
) ENGINE=InnoDB DEFAULT CHARSET=latin1;

/*Data for the table `lembur` */

/*Table structure for table `masa_kerja` */

DROP TABLE IF EXISTS `masa_kerja`;

CREATE TABLE `masa_kerja` (
  `MASA_KERJA` int(11) NOT NULL,
  PRIMARY KEY (`MASA_KERJA`)
) ENGINE=InnoDB DEFAULT CHARSET=latin1;

/*Data for the table `masa_kerja` */

insert  into `masa_kerja`(`MASA_KERJA`) values (3),(6),(9),(12),(15),(18),(21),(24),(27),(30);

/*Table structure for table `pendidikan` */

DROP TABLE IF EXISTS `pendidikan`;

CREATE TABLE `pendidikan` (
  `ID_PENDIDIKAN` int(11) NOT NULL AUTO_INCREMENT,
  `NAMA_PENDIDIKAN` varchar(15) NOT NULL,
  `TINGKAT_PENDIDIKAN` smallint(6) NOT NULL,
  PRIMARY KEY (`ID_PENDIDIKAN`)
) ENGINE=InnoDB AUTO_INCREMENT=16 DEFAULT CHARSET=latin1;

/*Data for the table `pendidikan` */

insert  into `pendidikan`(`ID_PENDIDIKAN`,`NAMA_PENDIDIKAN`,`TINGKAT_PENDIDIKAN`) values (1,'SD',1),(2,'MI',1),(3,'SMP',2),(4,'MTS',2),(5,'SMA',3),(6,'SMK',3),(7,'MAN',3),(8,'MA',3),(9,'D1',4),(10,'D2',5),(11,'D3',6),(12,'D4',7),(13,'S1',8),(14,'S2',9),(15,'S3',10);

/*Table structure for table `pengaturan` */

DROP TABLE IF EXISTS `pengaturan`;

CREATE TABLE `pengaturan` (
  `PERIODE_MULAI_PENG` date NOT NULL,
  `PERIODE_AKHIR_PENG` date DEFAULT NULL,
  `BPJS_KERJA_PER` decimal(10,0) NOT NULL,
  `BPJS_KERJA_KAR` decimal(10,0) NOT NULL,
  `BPJS_KES_PER` decimal(10,0) NOT NULL,
  `BPJS_KES_KAR` decimal(10,0) NOT NULL,
  `UMK` int(11) NOT NULL,
  `IURAN_RUMAH` int(11) NOT NULL,
  `IURAN_KOP` int(11) NOT NULL,
  `DAFTAR_KOP` int(11) NOT NULL,
  `UANG_MAKAN` int(11) NOT NULL,
  `UANG_TRANSPORT` int(11) NOT NULL,
  `NAMA_OWNER` varchar(25) NOT NULL,
  PRIMARY KEY (`PERIODE_MULAI_PENG`),
  KEY `FK_PENGATURAN_1` (`PERIODE_AKHIR_PENG`),
  CONSTRAINT `FK_PENGATURAN_1` FOREIGN KEY (`PERIODE_AKHIR_PENG`) REFERENCES `periode` (`PERIODE`),
  CONSTRAINT `FK_PENGATURAN_2` FOREIGN KEY (`PERIODE_MULAI_PENG`) REFERENCES `periode` (`PERIODE`)
) ENGINE=InnoDB DEFAULT CHARSET=latin1;

/*Data for the table `pengaturan` */

insert  into `pengaturan`(`PERIODE_MULAI_PENG`,`PERIODE_AKHIR_PENG`,`BPJS_KERJA_PER`,`BPJS_KERJA_KAR`,`BPJS_KES_PER`,`BPJS_KES_KAR`,`UMK`,`IURAN_RUMAH`,`IURAN_KOP`,`DAFTAR_KOP`,`UANG_MAKAN`,`UANG_TRANSPORT`,`NAMA_OWNER`) values ('2020-01-01',NULL,'7','3','4','1',4197000,20000,25000,275000,12000,4000,'Kiki');

/*Table structure for table `peran_user` */

DROP TABLE IF EXISTS `peran_user`;

CREATE TABLE `peran_user` (
  `ID_PU` int(11) NOT NULL,
  `NAMA_PU` varchar(25) NOT NULL,
  PRIMARY KEY (`ID_PU`)
) ENGINE=InnoDB DEFAULT CHARSET=latin1;

/*Data for the table `peran_user` */

insert  into `peran_user`(`ID_PU`,`NAMA_PU`) values (1,'Pengawas'),(2,'Admin Biasa'),(3,'Admin Akun'),(4,'Admin Utama'),(5,'Super Admin');

/*Table structure for table `periode` */

DROP TABLE IF EXISTS `periode`;

CREATE TABLE `periode` (
  `PERIODE` date NOT NULL,
  `KAR_VALID` datetime DEFAULT NULL,
  `JOB_VALID` datetime DEFAULT NULL,
  `TK_VALID` datetime DEFAULT NULL,
  `LEMBUR_VALID` datetime DEFAULT NULL,
  `ABSEN_VALID` datetime DEFAULT NULL,
  `ANG_VALID` datetime DEFAULT NULL,
  `POT_ANG_VALID` datetime DEFAULT NULL,
  PRIMARY KEY (`PERIODE`)
) ENGINE=InnoDB DEFAULT CHARSET=latin1;

/*Data for the table `periode` */

insert  into `periode`(`PERIODE`,`KAR_VALID`,`JOB_VALID`,`TK_VALID`,`LEMBUR_VALID`,`ABSEN_VALID`,`ANG_VALID`,`POT_ANG_VALID`) values ('2020-01-01',NULL,NULL,NULL,NULL,NULL,NULL,NULL),('2020-02-01',NULL,NULL,NULL,NULL,NULL,NULL,NULL),('2020-03-01',NULL,NULL,NULL,NULL,NULL,NULL,NULL),('2020-04-01',NULL,NULL,NULL,NULL,NULL,NULL,NULL);

/*Table structure for table `perusahaan` */

DROP TABLE IF EXISTS `perusahaan`;

CREATE TABLE `perusahaan` (
  `ID_PER` int(11) NOT NULL AUTO_INCREMENT,
  `NAMA_PER` varchar(50) NOT NULL,
  PRIMARY KEY (`ID_PER`)
) ENGINE=InnoDB AUTO_INCREMENT=6 DEFAULT CHARSET=latin1;

/*Data for the table `perusahaan` */

insert  into `perusahaan`(`ID_PER`,`NAMA_PER`) values (1,'PT. POLOWIJO GOSARI INDONESIA'),(2,'PT. POLOWIJO GOSARI PUPUK INDONESIA '),(3,'PT. GALASARI GUNUNG SEJAHTERA'),(4,'PT. GALASARI AGRO NIAGA SEJAHTERA'),(5,'PT. SARI GUNUNG POLOWIJO');

/*Table structure for table `potongan_ang` */

DROP TABLE IF EXISTS `potongan_ang`;

CREATE TABLE `potongan_ang` (
  `ID_ANG` int(11) NOT NULL,
  `PERIODE` date NOT NULL,
  `NILAI_POT_ANG` int(11) NOT NULL,
  PRIMARY KEY (`ID_ANG`,`PERIODE`),
  KEY `FK_POTONGAN_ANGSURAN_1` (`PERIODE`),
  CONSTRAINT `FK_POTONGAN_ANGSURAN_1` FOREIGN KEY (`PERIODE`) REFERENCES `periode` (`PERIODE`) ON DELETE CASCADE ON UPDATE CASCADE,
  CONSTRAINT `FK_POTONGAN_ANGSURAN_2` FOREIGN KEY (`ID_ANG`) REFERENCES `angsuran` (`ID_ANG`) ON DELETE CASCADE ON UPDATE CASCADE
) ENGINE=InnoDB DEFAULT CHARSET=latin1;

/*Data for the table `potongan_ang` */

/*Table structure for table `riwayat_ang` */

DROP TABLE IF EXISTS `riwayat_ang`;

CREATE TABLE `riwayat_ang` (
  `ID_ANG` int(11) NOT NULL,
  `PERIODE_MULAI_ANG` date NOT NULL,
  `PERIODE_AKHIR_ANG` date DEFAULT NULL,
  `TANGGAL_ANG` date NOT NULL,
  `KETERANGAN_ANG` varchar(50) NOT NULL,
  `NILAI_ANG` int(11) NOT NULL,
  `PEMBAYARAN_ANG` int(11) NOT NULL,
  PRIMARY KEY (`PERIODE_MULAI_ANG`,`ID_ANG`),
  KEY `FK_RIWAYAT_ANGSURAN_1` (`PERIODE_AKHIR_ANG`),
  KEY `FK_RIWAYAT_ANGSURAN_3` (`ID_ANG`),
  CONSTRAINT `FK_RIWAYAT_ANGSURAN_1` FOREIGN KEY (`PERIODE_AKHIR_ANG`) REFERENCES `periode` (`PERIODE`),
  CONSTRAINT `FK_RIWAYAT_ANGSURAN_2` FOREIGN KEY (`PERIODE_MULAI_ANG`) REFERENCES `periode` (`PERIODE`),
  CONSTRAINT `FK_RIWAYAT_ANGSURAN_3` FOREIGN KEY (`ID_ANG`) REFERENCES `angsuran` (`ID_ANG`) ON DELETE CASCADE ON UPDATE CASCADE
) ENGINE=InnoDB DEFAULT CHARSET=latin1;

/*Data for the table `riwayat_ang` */

/*Table structure for table `riwayat_dept` */

DROP TABLE IF EXISTS `riwayat_dept`;

CREATE TABLE `riwayat_dept` (
  `ID_DEPT` int(11) NOT NULL,
  `PERIODE_MULAI_DEPT` date NOT NULL,
  `PERIODE_AKHIR_DEPT` date DEFAULT NULL,
  `ID_PER` int(11) DEFAULT NULL,
  `NAMA_DEPT` varchar(50) NOT NULL,
  PRIMARY KEY (`PERIODE_MULAI_DEPT`,`ID_DEPT`),
  KEY `FK_RIWAYAT_DEPARTEMEN_1` (`ID_PER`),
  KEY `FK_RIWAYAT_DEPARTEMEN_2` (`PERIODE_AKHIR_DEPT`),
  KEY `FK_RIWAYAT_DEPARTEMEN_4` (`ID_DEPT`),
  CONSTRAINT `FK_RIWAYAT_DEPARTEMEN_1` FOREIGN KEY (`ID_PER`) REFERENCES `perusahaan` (`ID_PER`) ON DELETE CASCADE ON UPDATE CASCADE,
  CONSTRAINT `FK_RIWAYAT_DEPARTEMEN_2` FOREIGN KEY (`PERIODE_AKHIR_DEPT`) REFERENCES `periode` (`PERIODE`),
  CONSTRAINT `FK_RIWAYAT_DEPARTEMEN_3` FOREIGN KEY (`PERIODE_MULAI_DEPT`) REFERENCES `periode` (`PERIODE`),
  CONSTRAINT `FK_RIWAYAT_DEPARTEMEN_4` FOREIGN KEY (`ID_DEPT`) REFERENCES `departemen` (`ID_DEPT`) ON DELETE CASCADE ON UPDATE CASCADE
) ENGINE=InnoDB DEFAULT CHARSET=latin1;

/*Data for the table `riwayat_dept` */

insert  into `riwayat_dept`(`ID_DEPT`,`PERIODE_MULAI_DEPT`,`PERIODE_AKHIR_DEPT`,`ID_PER`,`NAMA_DEPT`) values (1,'2020-01-01','2020-04-01',1,'Produksi'),(2,'2020-01-01','2020-04-01',1,'Support ADM 1'),(3,'2020-01-01',NULL,1,'Sales & Marketing'),(4,'2020-01-01',NULL,1,'Support ADM 2'),(5,'2020-01-01',NULL,2,'Produksi'),(7,'2020-01-01',NULL,4,'Produksi'),(8,'2020-01-01',NULL,5,'Produksi'),(45,'2020-03-01','2020-03-01',1,'baryuqwer'),(1,'2020-04-01',NULL,NULL,''),(45,'2020-04-01',NULL,1,'baryuqwaaaer'),(50,'2020-04-01',NULL,1,'yoasdf'),(56,'2020-04-01',NULL,1,'fdsaddddd'),(58,'2020-04-01',NULL,1,'vcxvcaaa'),(59,'2020-04-01',NULL,1,'asdfasdf'),(60,'2020-04-01',NULL,1,'asdfasdffds'),(61,'2020-04-01',NULL,1,'dddddddddddddddd'),(62,'2020-04-01',NULL,NULL,'REQ'),(63,'2020-04-01',NULL,NULL,'REQ'),(64,'2020-04-01',NULL,1,'asfadsf');

/*Table structure for table `riwayat_jabatan` */

DROP TABLE IF EXISTS `riwayat_jabatan`;

CREATE TABLE `riwayat_jabatan` (
  `ID_JABATAN` int(11) NOT NULL,
  `PERIODE_MULAI_JABATAN` date NOT NULL,
  `PERIODE_AKHIR_JABATAN` date DEFAULT NULL,
  `ID_JOB` int(11) DEFAULT NULL,
  `NAMA_JABATAN` varchar(50) NOT NULL,
  PRIMARY KEY (`PERIODE_MULAI_JABATAN`,`ID_JABATAN`),
  KEY `FK_RIWAYAT_JABATAN_1` (`ID_JOB`),
  KEY `FK_RIWAYAT_JABATAN_2` (`PERIODE_AKHIR_JABATAN`),
  KEY `FK_RIWAYAT_JABATAN_4` (`ID_JABATAN`),
  CONSTRAINT `FK_RIWAYAT_JABATAN_1` FOREIGN KEY (`ID_JOB`) REFERENCES `job_level` (`ID_JOB`) ON DELETE SET NULL ON UPDATE CASCADE,
  CONSTRAINT `FK_RIWAYAT_JABATAN_2` FOREIGN KEY (`PERIODE_AKHIR_JABATAN`) REFERENCES `periode` (`PERIODE`),
  CONSTRAINT `FK_RIWAYAT_JABATAN_3` FOREIGN KEY (`PERIODE_MULAI_JABATAN`) REFERENCES `periode` (`PERIODE`),
  CONSTRAINT `FK_RIWAYAT_JABATAN_4` FOREIGN KEY (`ID_JABATAN`) REFERENCES `jabatan` (`ID_JABATAN`)
) ENGINE=InnoDB DEFAULT CHARSET=latin1;

/*Data for the table `riwayat_jabatan` */

insert  into `riwayat_jabatan`(`ID_JABATAN`,`PERIODE_MULAI_JABATAN`,`PERIODE_AKHIR_JABATAN`,`ID_JOB`,`NAMA_JABATAN`) values (1,'2020-03-01','2020-04-01',5,'asdfeew'),(2,'2020-04-01','2020-04-01',5,'yoooddd'),(3,'2020-04-01',NULL,8,'fdasfd'),(4,'2020-04-01','2020-04-01',25,'fdasfdfdsf'),(5,'2020-04-01',NULL,1,'wwwww'),(6,'2020-04-01',NULL,1,'asdf'),(7,'2020-04-01',NULL,18,'asdfasdfs'),(8,'2020-04-01',NULL,4,'asdfasdf'),(9,'2020-04-01',NULL,4,'asdfasdf'),(10,'2020-04-01',NULL,4,'asdfasdf'),(11,'2020-04-01',NULL,4,'asdfasdf'),(12,'2020-04-01',NULL,4,'asdfasdf'),(13,'2020-04-01',NULL,4,'asdfasdf'),(14,'2020-04-01',NULL,4,'asdfasdf'),(15,'2020-04-01',NULL,4,'asdfasdf'),(16,'2020-04-01',NULL,4,'asdfasdf'),(17,'2020-04-01',NULL,4,'asdfasdf'),(18,'2020-04-01',NULL,4,'asdfasdf'),(19,'2020-04-01',NULL,4,'asdfasdf'),(20,'2020-04-01',NULL,4,'asdfasdf'),(21,'2020-04-01',NULL,3,'qrqrq'),(22,'2020-04-01',NULL,3,'qrqrq'),(23,'2020-04-01','2020-04-01',24,'asasasas');

/*Table structure for table `riwayat_job` */

DROP TABLE IF EXISTS `riwayat_job`;

CREATE TABLE `riwayat_job` (
  `ID_JOB` int(11) NOT NULL,
  `PERIODE_MULAI_JOB` date NOT NULL,
  `PERIODE_AKHIR_JOB` date DEFAULT NULL,
  `NAMA_JOB` varchar(50) NOT NULL,
  `GAJI_POKOK` int(11) DEFAULT NULL,
  `TUNJANGAN_JABATAN` int(11) DEFAULT NULL,
  PRIMARY KEY (`PERIODE_MULAI_JOB`,`ID_JOB`),
  KEY `FK_RIWAYAT_JOB_1` (`PERIODE_AKHIR_JOB`),
  KEY `FK_RIWAYAT_JOB_3` (`ID_JOB`),
  CONSTRAINT `FK_RIWAYAT_JOB_1` FOREIGN KEY (`PERIODE_AKHIR_JOB`) REFERENCES `periode` (`PERIODE`),
  CONSTRAINT `FK_RIWAYAT_JOB_2` FOREIGN KEY (`PERIODE_MULAI_JOB`) REFERENCES `periode` (`PERIODE`),
  CONSTRAINT `FK_RIWAYAT_JOB_3` FOREIGN KEY (`ID_JOB`) REFERENCES `job_level` (`ID_JOB`) ON DELETE CASCADE ON UPDATE CASCADE
) ENGINE=InnoDB DEFAULT CHARSET=latin1;

/*Data for the table `riwayat_job` */

insert  into `riwayat_job`(`ID_JOB`,`PERIODE_MULAI_JOB`,`PERIODE_AKHIR_JOB`,`NAMA_JOB`,`GAJI_POKOK`,`TUNJANGAN_JABATAN`) values (1,'2020-01-01',NULL,'Manager',3000000,3400000),(2,'2020-01-01','2020-04-01','Supervisor',2500000,1700000),(3,'2020-01-01',NULL,'Leader',2100000,700000),(4,'2020-01-01',NULL,'Level III.2',1750000,0),(5,'2020-01-01',NULL,'Level IV.1',1500000,0),(6,'2020-01-01',NULL,'Level IV.2',1250000,0),(7,'2020-01-01','2020-02-01','job baru',NULL,NULL),(7,'2020-03-01',NULL,'Yoo',NULL,NULL),(8,'2020-03-01','2020-04-01','asdw',NULL,NULL),(9,'2020-03-01',NULL,'',NULL,NULL),(10,'2020-03-01',NULL,'',NULL,NULL),(11,'2020-03-01',NULL,'',NULL,NULL),(2,'2020-04-01',NULL,'Supervisor',2500000,1700000),(7,'2020-04-01',NULL,'Yooasd',NULL,NULL),(8,'2020-04-01','2020-04-01','asdwew',NULL,NULL),(12,'2020-04-01',NULL,'bary',NULL,NULL),(13,'2020-04-01',NULL,'asdfsdf',NULL,NULL),(14,'2020-04-01','2020-04-01','ddddddddddddddddwwwwww',NULL,NULL),(17,'2020-04-01',NULL,'test2',NULL,NULL),(18,'2020-04-01',NULL,'test3',NULL,NULL),(24,'2020-04-01',NULL,'test3',NULL,NULL),(25,'2020-04-01',NULL,'test 3',1,4),(26,'2020-04-01',NULL,'sssssssssssssssss',NULL,NULL),(27,'2020-04-01',NULL,'as',NULL,NULL),(28,'2020-04-01',NULL,'aaaa',NULL,NULL),(29,'2020-04-01',NULL,'aaaa',NULL,NULL),(30,'2020-04-01',NULL,'aaaa',NULL,NULL),(31,'2020-04-01',NULL,'aaadd',NULL,NULL);

/*Table structure for table `riwayat_kar` */

DROP TABLE IF EXISTS `riwayat_kar`;

CREATE TABLE `riwayat_kar` (
  `ID_KAR` int(11) NOT NULL,
  `PERIODE_MULAI_KAR` date NOT NULL,
  `PERIODE_AKHIR_KAR` date DEFAULT NULL,
  `ID_SUBDEPT` int(11) NOT NULL,
  `ID_JABATAN` int(11) NOT NULL,
  `ID_SKA` int(11) NOT NULL,
  `ID_AGAMA` int(11) NOT NULL,
  `ID_JK` int(11) NOT NULL,
  `ID_PENDIDIKAN` int(11) DEFAULT NULL,
  `ID_SKO` tinyint(4) DEFAULT NULL,
  `NIK` varchar(10) DEFAULT NULL,
  `NAMA_KAR` varchar(50) NOT NULL,
  `TANGGAL_MASUK` date NOT NULL,
  `ALAMAT_KAR` char(50) NOT NULL,
  `NO_KTP_KAR` char(16) NOT NULL,
  `TELEPON_KAR` varchar(15) DEFAULT NULL,
  `EMAIL_KAR` varchar(50) DEFAULT NULL,
  `TEMPAT_LAHIR_KAR` varchar(25) NOT NULL,
  `TANGGAL_LAHIR_KAR` date NOT NULL,
  `GAJI_DILAPORKAN` int(11) DEFAULT NULL,
  `PERUMAHAN` tinyint(4) DEFAULT NULL,
  PRIMARY KEY (`PERIODE_MULAI_KAR`,`ID_KAR`),
  KEY `FK_RIWAYAT_KARYAWAN_3` (`ID_SKO`),
  KEY `FK_RIWAYAT_KARYAWAN_2` (`ID_SUBDEPT`),
  KEY `FK_RIWAYAT_KARYAWAN_5` (`ID_AGAMA`),
  KEY `FK_RIWAYAT_KARYAWAN_1` (`ID_JABATAN`),
  KEY `FK_RIWAYAT_KARYAWAN_6` (`ID_JK`),
  KEY `FK_RIWAYAT_KARYAWAN_4` (`ID_SKA`),
  KEY `FK_RIWAYAT_KARYAWAN_7` (`ID_PENDIDIKAN`),
  KEY `FK_RIWAYAT_KARYAWAN_8` (`PERIODE_AKHIR_KAR`),
  KEY `FK_RIWAYAT_KARYAWAN_10` (`ID_KAR`),
  CONSTRAINT `FK_RIWAYAT_KARYAWAN_1` FOREIGN KEY (`ID_JABATAN`) REFERENCES `jabatan` (`ID_JABATAN`) ON UPDATE CASCADE,
  CONSTRAINT `FK_RIWAYAT_KARYAWAN_10` FOREIGN KEY (`ID_KAR`) REFERENCES `karyawan` (`ID_KAR`) ON DELETE CASCADE ON UPDATE CASCADE,
  CONSTRAINT `FK_RIWAYAT_KARYAWAN_2` FOREIGN KEY (`ID_SUBDEPT`) REFERENCES `subdepartemen` (`ID_SUBDEPT`) ON UPDATE CASCADE,
  CONSTRAINT `FK_RIWAYAT_KARYAWAN_3` FOREIGN KEY (`ID_SKO`) REFERENCES `status_koperasi` (`ID_SKO`) ON UPDATE CASCADE,
  CONSTRAINT `FK_RIWAYAT_KARYAWAN_4` FOREIGN KEY (`ID_SKA`) REFERENCES `status_karyawan` (`ID_SKA`) ON UPDATE CASCADE,
  CONSTRAINT `FK_RIWAYAT_KARYAWAN_5` FOREIGN KEY (`ID_AGAMA`) REFERENCES `agama` (`ID_AGAMA`) ON UPDATE CASCADE,
  CONSTRAINT `FK_RIWAYAT_KARYAWAN_6` FOREIGN KEY (`ID_JK`) REFERENCES `jenis_kelamin` (`ID_JK`) ON UPDATE CASCADE,
  CONSTRAINT `FK_RIWAYAT_KARYAWAN_7` FOREIGN KEY (`ID_PENDIDIKAN`) REFERENCES `pendidikan` (`ID_PENDIDIKAN`) ON UPDATE CASCADE,
  CONSTRAINT `FK_RIWAYAT_KARYAWAN_8` FOREIGN KEY (`PERIODE_AKHIR_KAR`) REFERENCES `periode` (`PERIODE`),
  CONSTRAINT `FK_RIWAYAT_KARYAWAN_9` FOREIGN KEY (`PERIODE_MULAI_KAR`) REFERENCES `periode` (`PERIODE`)
) ENGINE=InnoDB DEFAULT CHARSET=latin1;

/*Data for the table `riwayat_kar` */

insert  into `riwayat_kar`(`ID_KAR`,`PERIODE_MULAI_KAR`,`PERIODE_AKHIR_KAR`,`ID_SUBDEPT`,`ID_JABATAN`,`ID_SKA`,`ID_AGAMA`,`ID_JK`,`ID_PENDIDIKAN`,`ID_SKO`,`NIK`,`NAMA_KAR`,`TANGGAL_MASUK`,`ALAMAT_KAR`,`NO_KTP_KAR`,`TELEPON_KAR`,`EMAIL_KAR`,`TEMPAT_LAHIR_KAR`,`TANGGAL_LAHIR_KAR`,`GAJI_DILAPORKAN`,`PERUMAHAN`) values (1,'2020-01-01','2020-04-01',1,1,1,1,1,1,0,'12345','Asdasda','2020-01-01','Mbo neng ndi','123456','123456','rizqinur2010@gmail.com','Surabaya','2010-02-25',2500000,1),(1,'2020-04-01',NULL,3,2,2,3,2,11,NULL,'12345d','Asdasdafdfd','2019-01-01','Mbo neng ndidddddN>?','123456e3e','123456312','rizqinur2010@gmail.comdd','Surabayafd','2009-02-25',NULL,NULL),(8,'2020-04-01',NULL,2,1,2,3,2,10,NULL,'asdfasdf','yooooo','2020-02-13','asdfasd','asdas','asads','asdf@gmail.com','asdf','2020-02-05',NULL,NULL),(9,'2020-04-01',NULL,3,1,1,1,1,1,NULL,'13213','asdfasdf','2019-12-18','asdasd3','sdfasd','sdfasdf','asdfasd','asdfasdf','2020-03-02',NULL,NULL),(10,'2020-04-01',NULL,2,2,1,1,1,1,NULL,'asdfasdf','asdfasdf','2020-03-20','werqwer','asfsdf','asdfasdf','asdfasd','asdasd','2020-03-11',NULL,NULL),(11,'2020-04-01',NULL,1,2,1,1,1,1,NULL,'1','a','2020-02-03','a','0','0','a@gmail.com','S','2020-02-18',NULL,NULL),(12,'2020-04-01','2020-04-01',7,6,2,1,1,1,NULL,'sfsdf','asdfasdfdf','2020-05-14','asdasdaasdf','fdfd','sdsd','sasdads','fdf','2020-05-07',NULL,NULL),(15,'2020-04-01',NULL,7,8,2,1,1,1,NULL,'sfsdf','asdfasdf','2020-05-14','asdasd','fdfd','sdsd','sasdads','fdf','2020-05-07',NULL,NULL);

/*Table structure for table `riwayat_shift` */

DROP TABLE IF EXISTS `riwayat_shift`;

CREATE TABLE `riwayat_shift` (
  `ID_SHIFT` int(11) NOT NULL,
  `PERIODE_MULAI_SHIFT` date NOT NULL,
  `PERIODE_AKHIR_SHIFT` date DEFAULT NULL,
  `NAMA_SHIFT` varchar(3) NOT NULL,
  `MAX_LEMBUR_1` smallint(6) NOT NULL,
  `MAX_LEMBUR_2` smallint(6) NOT NULL,
  PRIMARY KEY (`PERIODE_MULAI_SHIFT`,`ID_SHIFT`),
  KEY `FK_RIWAYAT_SHIFT_1` (`PERIODE_AKHIR_SHIFT`),
  KEY `FK_RIWAYAT_SHIFT_3` (`ID_SHIFT`),
  CONSTRAINT `FK_RIWAYAT_SHIFT_1` FOREIGN KEY (`PERIODE_AKHIR_SHIFT`) REFERENCES `periode` (`PERIODE`),
  CONSTRAINT `FK_RIWAYAT_SHIFT_2` FOREIGN KEY (`PERIODE_MULAI_SHIFT`) REFERENCES `periode` (`PERIODE`),
  CONSTRAINT `FK_RIWAYAT_SHIFT_3` FOREIGN KEY (`ID_SHIFT`) REFERENCES `shift` (`ID_SHIFT`) ON DELETE CASCADE ON UPDATE CASCADE
) ENGINE=InnoDB DEFAULT CHARSET=latin1;

/*Data for the table `riwayat_shift` */

insert  into `riwayat_shift`(`ID_SHIFT`,`PERIODE_MULAI_SHIFT`,`PERIODE_AKHIR_SHIFT`,`NAMA_SHIFT`,`MAX_LEMBUR_1`,`MAX_LEMBUR_2`) values (1,'2020-01-01',NULL,'I',1,6),(2,'2020-01-01',NULL,'II',1,6),(3,'2020-01-01',NULL,'III',1,6),(4,'2020-01-01',NULL,'OFF',0,7),(5,'2020-04-01',NULL,'bA',2,4),(6,'2020-04-01',NULL,'C',3,4),(7,'2020-04-01',NULL,'f',23,22),(8,'2020-04-01',NULL,'f',23,22),(9,'2020-04-01',NULL,'dfd',3,2),(10,'2020-04-01','2020-04-01','2',1,1),(11,'2020-04-01',NULL,'a',1,4),(12,'2020-04-01',NULL,'as',2,4),(13,'2020-04-01',NULL,'as',2,4),(14,'2020-04-01',NULL,'as',2,4),(15,'2020-04-01',NULL,'as',2,4);

/*Table structure for table `riwayat_subdept` */

DROP TABLE IF EXISTS `riwayat_subdept`;

CREATE TABLE `riwayat_subdept` (
  `ID_SUBDEPT` int(11) NOT NULL,
  `PERIODE_MULAI_SUBDEPT` date NOT NULL,
  `PERIODE_AKHIR_SUBDEPT` date DEFAULT NULL,
  `ID_DEPT` int(11) DEFAULT NULL,
  `NAMA_SUBDEPT` varchar(50) NOT NULL,
  PRIMARY KEY (`PERIODE_MULAI_SUBDEPT`,`ID_SUBDEPT`),
  KEY `FK_RIWAYAT_SUBDEPARTEMEN_1` (`PERIODE_AKHIR_SUBDEPT`),
  KEY `FK_RIWAYAT_SUBDEPARTEMEN_3` (`ID_SUBDEPT`),
  KEY `FK_RIWAYAT_SUBDEPARTEMEN_4` (`ID_DEPT`),
  CONSTRAINT `FK_RIWAYAT_SUBDEPARTEMEN_1` FOREIGN KEY (`PERIODE_AKHIR_SUBDEPT`) REFERENCES `periode` (`PERIODE`),
  CONSTRAINT `FK_RIWAYAT_SUBDEPARTEMEN_2` FOREIGN KEY (`PERIODE_MULAI_SUBDEPT`) REFERENCES `periode` (`PERIODE`),
  CONSTRAINT `FK_RIWAYAT_SUBDEPARTEMEN_3` FOREIGN KEY (`ID_SUBDEPT`) REFERENCES `subdepartemen` (`ID_SUBDEPT`) ON DELETE CASCADE ON UPDATE CASCADE,
  CONSTRAINT `FK_RIWAYAT_SUBDEPARTEMEN_4` FOREIGN KEY (`ID_DEPT`) REFERENCES `departemen` (`ID_DEPT`) ON DELETE CASCADE ON UPDATE CASCADE
) ENGINE=InnoDB DEFAULT CHARSET=latin1;

/*Data for the table `riwayat_subdept` */

insert  into `riwayat_subdept`(`ID_SUBDEPT`,`PERIODE_MULAI_SUBDEPT`,`PERIODE_AKHIR_SUBDEPT`,`ID_DEPT`,`NAMA_SUBDEPT`) values (1,'2020-01-01',NULL,1,'Produksi'),(2,'2020-01-01','2020-04-01',1,'Pemeliharaan'),(3,'2020-01-01','2020-04-01',1,'Laborat'),(4,'2020-01-01',NULL,2,'Keuangan'),(5,'2020-01-01',NULL,2,'Logistik'),(6,'2020-01-01',NULL,2,'PPIC/CANDAL'),(7,'2020-01-01',NULL,3,'Pemasaran'),(8,'2020-01-01',NULL,4,'HRD, SEKRET & HUKUM'),(9,'2020-01-01','2020-04-01',4,'HRD, SEKRET & HUKUM'),(10,'2020-01-01','2020-02-01',1,'Subdept baru'),(10,'2020-02-01','2020-03-01',2,'Dept edit 2'),(2,'2020-04-01','2020-04-01',3,'Pemeliharaanbb'),(3,'2020-04-01',NULL,3,'Laboratddd'),(9,'2020-04-01',NULL,4,'HRD, SEKRET & HUKUM'),(10,'2020-04-01',NULL,NULL,'Subdept edit 2sdf'),(11,'2020-04-01',NULL,NULL,'asdfdf'),(12,'2020-04-01',NULL,NULL,'asdffdsay'),(13,'2020-04-01',NULL,NULL,''),(14,'2020-04-01',NULL,NULL,''),(15,'2020-04-01',NULL,NULL,''),(16,'2020-04-01',NULL,NULL,''),(17,'2020-04-01','2020-04-01',1,'asdf'),(19,'2020-04-01',NULL,1,'zxcdddvwwww'),(20,'2020-04-01',NULL,3,'zxcvd'),(21,'2020-04-01',NULL,4,'fdsfdadddd'),(22,'2020-04-01',NULL,3,'asdfsdf'),(23,'2020-04-01',NULL,3,'asdas'),(24,'2020-04-01',NULL,59,'aaaa2aa2');

/*Table structure for table `riwayat_tkh` */

DROP TABLE IF EXISTS `riwayat_tkh`;

CREATE TABLE `riwayat_tkh` (
  `ID_TKH` int(11) NOT NULL,
  `PERIODE_MULAI_TKH` date NOT NULL,
  `PERIODE_AKHIR_TKH` date DEFAULT NULL,
  `NAMA_TKH` varchar(50) NOT NULL,
  `NILAI_TKH` int(11) NOT NULL,
  PRIMARY KEY (`PERIODE_MULAI_TKH`,`ID_TKH`),
  KEY `FK_RIWAYAT_TUNJANGAN_KHUSUS_1` (`PERIODE_AKHIR_TKH`),
  KEY `FK_RIWAYAT_TUNJANGAN_KHUSUS_3` (`ID_TKH`),
  CONSTRAINT `FK_RIWAYAT_TUNJANGAN_KHUSUS_1` FOREIGN KEY (`PERIODE_AKHIR_TKH`) REFERENCES `periode` (`PERIODE`),
  CONSTRAINT `FK_RIWAYAT_TUNJANGAN_KHUSUS_2` FOREIGN KEY (`PERIODE_MULAI_TKH`) REFERENCES `periode` (`PERIODE`),
  CONSTRAINT `FK_RIWAYAT_TUNJANGAN_KHUSUS_3` FOREIGN KEY (`ID_TKH`) REFERENCES `tunjangan_khusus` (`ID_TKH`) ON DELETE CASCADE ON UPDATE CASCADE
) ENGINE=InnoDB DEFAULT CHARSET=latin1;

/*Data for the table `riwayat_tkh` */

insert  into `riwayat_tkh`(`ID_TKH`,`PERIODE_MULAI_TKH`,`PERIODE_AKHIR_TKH`,`NAMA_TKH`,`NILAI_TKH`) values (1,'2020-01-01',NULL,'Shift',100000),(2,'2020-01-01',NULL,'Ka. Gudang',75000),(3,'2020-01-01',NULL,'Weeloader',150000),(4,'2020-01-01',NULL,'Forklift',100000),(5,'2020-01-01',NULL,'Driver',150000),(6,'2020-01-01',NULL,'Site Plant',75000),(7,'2020-01-01',NULL,'Koordinator',150000),(8,'2020-01-01',NULL,'Kasir',500000),(9,'2020-04-01','2020-04-01','asdf',1),(10,'2020-04-01','2020-04-01','asdfasdf',0),(11,'2020-04-01',NULL,'asdfasdf',0),(12,'2020-04-01',NULL,'asdfasdf',0),(13,'2020-04-01',NULL,'asdfasdf',0),(14,'2020-04-01',NULL,'asdfasdf',0),(15,'2020-04-01',NULL,'asdfasdf',0),(16,'2020-04-01',NULL,'asdfasdf',0),(17,'2020-04-01',NULL,'zxc',0),(18,'2020-04-01',NULL,'asdfafd',123),(19,'2020-04-01',NULL,'qqqq',121),(20,'2020-04-01',NULL,'asdfasdf',123),(21,'2020-04-01',NULL,'asdfasdf',123),(22,'2020-04-01',NULL,'asdfasdf',321),(23,'2020-04-01',NULL,'d1',1),(24,'2020-04-01',NULL,'asdf',1),(25,'2020-04-01',NULL,'asdf',123),(26,'2020-04-01',NULL,'a',123),(27,'2020-04-01',NULL,'a',1),(28,'2020-04-01',NULL,'a',1),(29,'2020-04-01',NULL,'a',1),(30,'2020-04-01',NULL,'a',1),(31,'2020-04-01',NULL,'a',1),(32,'2020-04-01',NULL,'a',1),(33,'2020-04-01',NULL,'a',1),(34,'2020-04-01',NULL,'a',1),(35,'2020-04-01',NULL,'a1',1),(36,'2020-04-01',NULL,'a',1),(37,'2020-04-01',NULL,'a',1);

/*Table structure for table `riwayat_tmk` */

DROP TABLE IF EXISTS `riwayat_tmk`;

CREATE TABLE `riwayat_tmk` (
  `ID_TMK` int(11) NOT NULL,
  `PERIODE_MULAI_TMK` date NOT NULL,
  `PERIODE_AKHIR_TMK` date DEFAULT NULL,
  `BATAS_BAWAH_TMK` smallint(6) NOT NULL,
  `BATAS_ATAS_TMK` smallint(6) NOT NULL,
  `NILAI_TMK` int(11) DEFAULT NULL,
  PRIMARY KEY (`PERIODE_MULAI_TMK`,`ID_TMK`),
  KEY `FK_RIWAYAT_TMK_1` (`PERIODE_AKHIR_TMK`),
  KEY `FK_RIWAYAT_TMK_3` (`ID_TMK`),
  CONSTRAINT `FK_RIWAYAT_TMK_1` FOREIGN KEY (`PERIODE_AKHIR_TMK`) REFERENCES `periode` (`PERIODE`),
  CONSTRAINT `FK_RIWAYAT_TMK_2` FOREIGN KEY (`PERIODE_MULAI_TMK`) REFERENCES `periode` (`PERIODE`),
  CONSTRAINT `FK_RIWAYAT_TMK_3` FOREIGN KEY (`ID_TMK`) REFERENCES `tunjangan_masa_kerja` (`ID_TMK`) ON DELETE CASCADE ON UPDATE CASCADE
) ENGINE=InnoDB DEFAULT CHARSET=latin1;

/*Data for the table `riwayat_tmk` */

insert  into `riwayat_tmk`(`ID_TMK`,`PERIODE_MULAI_TMK`,`PERIODE_AKHIR_TMK`,`BATAS_BAWAH_TMK`,`BATAS_ATAS_TMK`,`NILAI_TMK`) values (1,'2020-01-01',NULL,3,6,150000),(2,'2020-01-01',NULL,6,9,325000),(3,'2020-01-01',NULL,9,12,500000),(4,'2020-01-01',NULL,12,15,675000),(5,'2020-01-01',NULL,15,18,850000),(6,'2020-01-01',NULL,18,21,1025000),(7,'2020-01-01',NULL,21,24,1200000),(8,'2020-01-01',NULL,24,27,1375000),(9,'2020-01-01',NULL,27,30,1550000),(10,'2020-01-01',NULL,30,99,1725000),(11,'2020-01-01','2020-04-01',3,6,125000),(12,'2020-01-01','2020-04-01',6,9,275000),(13,'2020-01-01','2020-04-01',9,12,425000),(14,'2020-01-01','2020-04-01',12,15,575000),(15,'2020-01-01','2020-04-01',15,18,725000),(16,'2020-01-01','2020-04-01',18,21,875000),(17,'2020-01-01','2020-04-01',21,24,1025000),(18,'2020-01-01','2020-04-01',24,27,1175000),(19,'2020-01-01','2020-04-01',27,30,1325000),(20,'2020-01-01','2020-04-01',30,99,1475000),(21,'2020-01-01',NULL,3,6,100000),(22,'2020-01-01',NULL,6,9,225000),(23,'2020-01-01',NULL,9,12,350000),(24,'2020-01-01',NULL,12,15,475000),(25,'2020-01-01',NULL,15,18,600000),(26,'2020-01-01',NULL,18,21,725000),(27,'2020-01-01',NULL,21,24,850000),(28,'2020-01-01',NULL,24,27,975000),(29,'2020-01-01',NULL,27,30,1100000),(30,'2020-01-01',NULL,30,99,1225000),(31,'2020-01-01',NULL,3,6,80000),(32,'2020-01-01',NULL,6,9,180000),(33,'2020-01-01',NULL,9,12,280000),(34,'2020-01-01',NULL,12,15,380000),(35,'2020-01-01',NULL,15,18,480000),(36,'2020-01-01',NULL,18,21,580000),(37,'2020-01-01',NULL,21,24,680000),(38,'2020-01-01',NULL,24,27,780000),(39,'2020-01-01',NULL,27,30,880000),(40,'2020-01-01',NULL,30,99,980000),(41,'2020-01-01',NULL,3,6,70000),(42,'2020-01-01',NULL,6,9,160000),(43,'2020-01-01',NULL,9,12,250000),(44,'2020-01-01',NULL,12,15,340000),(45,'2020-01-01',NULL,15,18,430000),(46,'2020-01-01',NULL,18,21,520000),(47,'2020-01-01',NULL,21,24,610000),(48,'2020-01-01',NULL,24,27,700000),(49,'2020-01-01',NULL,27,30,790000),(50,'2020-01-01',NULL,30,99,880000),(51,'2020-01-01',NULL,3,6,60000),(52,'2020-01-01',NULL,6,9,140000),(53,'2020-01-01',NULL,9,12,220000),(54,'2020-01-01',NULL,12,15,300000),(55,'2020-01-01',NULL,15,18,380000),(56,'2020-01-01',NULL,18,21,460000),(57,'2020-01-01',NULL,21,24,540000),(58,'2020-01-01',NULL,24,27,620000),(59,'2020-01-01',NULL,27,30,700000),(60,'2020-01-01',NULL,30,99,780000),(11,'2020-04-01',NULL,3,30,125000),(12,'2020-04-01',NULL,6,9,275000),(14,'2020-04-01',NULL,12,15,575000),(15,'2020-04-01',NULL,15,18,725000),(16,'2020-04-01',NULL,18,21,875000),(17,'2020-04-01',NULL,21,24,1025000),(18,'2020-04-01',NULL,24,27,1175000),(19,'2020-04-01',NULL,27,3,1325000),(20,'2020-04-01',NULL,30,6,1475000),(131,'2020-04-01',NULL,3,0,NULL),(132,'2020-04-01',NULL,6,0,NULL),(133,'2020-04-01',NULL,9,0,NULL),(134,'2020-04-01',NULL,12,0,NULL),(135,'2020-04-01',NULL,15,0,NULL),(136,'2020-04-01',NULL,18,0,NULL),(137,'2020-04-01',NULL,21,0,NULL),(138,'2020-04-01',NULL,24,0,NULL),(139,'2020-04-01',NULL,27,0,NULL),(140,'2020-04-01',NULL,30,0,NULL),(141,'2020-04-01',NULL,3,30,1),(142,'2020-04-01',NULL,6,9,1),(143,'2020-04-01',NULL,9,0,2),(144,'2020-04-01',NULL,12,15,1),(145,'2020-04-01',NULL,15,18,1),(146,'2020-04-01',NULL,18,21,2),(147,'2020-04-01',NULL,21,24,1),(148,'2020-04-01',NULL,24,27,1),(149,'2020-04-01',NULL,27,3,2),(150,'2020-04-01',NULL,30,6,1),(151,'2020-04-01',NULL,3,0,NULL),(152,'2020-04-01',NULL,6,0,NULL),(153,'2020-04-01',NULL,9,0,NULL),(154,'2020-04-01',NULL,12,0,NULL),(155,'2020-04-01',NULL,15,0,NULL),(156,'2020-04-01',NULL,18,0,NULL),(157,'2020-04-01',NULL,21,0,NULL),(158,'2020-04-01',NULL,24,0,NULL),(159,'2020-04-01',NULL,27,0,NULL),(160,'2020-04-01',NULL,30,0,NULL),(161,'2020-04-01',NULL,3,0,NULL),(162,'2020-04-01',NULL,6,0,NULL),(163,'2020-04-01',NULL,9,0,NULL),(164,'2020-04-01',NULL,12,0,NULL),(165,'2020-04-01',NULL,15,0,NULL),(166,'2020-04-01',NULL,18,0,NULL),(167,'2020-04-01',NULL,21,0,NULL),(168,'2020-04-01',NULL,24,0,NULL),(169,'2020-04-01',NULL,27,0,NULL),(170,'2020-04-01',NULL,30,0,NULL),(171,'2020-04-01',NULL,3,0,NULL),(172,'2020-04-01',NULL,6,0,NULL),(173,'2020-04-01',NULL,9,0,NULL),(174,'2020-04-01',NULL,12,0,NULL),(175,'2020-04-01',NULL,15,0,NULL),(176,'2020-04-01',NULL,18,0,NULL),(177,'2020-04-01',NULL,21,0,NULL),(178,'2020-04-01',NULL,24,0,NULL),(179,'2020-04-01',NULL,27,0,NULL),(180,'2020-04-01',NULL,30,0,NULL);

/*Table structure for table `riwayat_ul` */

DROP TABLE IF EXISTS `riwayat_ul`;

CREATE TABLE `riwayat_ul` (
  `ID_JOB` int(11) NOT NULL,
  `PERIODE_MULAI_UL` date NOT NULL,
  `PERIODE_AKHIR_UL` date DEFAULT NULL,
  `JAM_LEMBUR` int(11) NOT NULL,
  `UPAH_LEMBUR` int(11) DEFAULT NULL,
  PRIMARY KEY (`PERIODE_MULAI_UL`,`ID_JOB`,`JAM_LEMBUR`),
  KEY `FK_RIWAYAT_UL_1` (`PERIODE_AKHIR_UL`),
  KEY `FK_RIWAYAT_UL_3` (`ID_JOB`,`JAM_LEMBUR`),
  CONSTRAINT `FK_RIWAYAT_UL_1` FOREIGN KEY (`PERIODE_AKHIR_UL`) REFERENCES `periode` (`PERIODE`),
  CONSTRAINT `FK_RIWAYAT_UL_2` FOREIGN KEY (`PERIODE_MULAI_UL`) REFERENCES `periode` (`PERIODE`),
  CONSTRAINT `FK_RIWAYAT_UL_3` FOREIGN KEY (`ID_JOB`, `JAM_LEMBUR`) REFERENCES `upah_lembur` (`ID_JOB`, `JAM_LEMBUR`) ON DELETE CASCADE ON UPDATE CASCADE
) ENGINE=InnoDB DEFAULT CHARSET=latin1;

/*Data for the table `riwayat_ul` */

insert  into `riwayat_ul`(`ID_JOB`,`PERIODE_MULAI_UL`,`PERIODE_AKHIR_UL`,`JAM_LEMBUR`,`UPAH_LEMBUR`) values (1,'2020-01-01',NULL,1,25000),(1,'2020-01-01',NULL,2,25000),(1,'2020-01-01',NULL,3,25000),(2,'2020-01-01',NULL,1,20000),(2,'2020-01-01',NULL,2,20000),(2,'2020-01-01',NULL,3,20000),(3,'2020-01-01',NULL,1,15000),(3,'2020-01-01',NULL,2,15000),(3,'2020-01-01',NULL,3,15000),(4,'2020-01-01',NULL,1,10500),(4,'2020-01-01',NULL,2,14000),(4,'2020-01-01',NULL,3,21000),(5,'2020-01-01',NULL,1,10500),(5,'2020-01-01',NULL,2,14000),(5,'2020-01-01',NULL,3,21000),(6,'2020-01-01',NULL,1,10500),(6,'2020-01-01',NULL,2,14000),(6,'2020-01-01',NULL,3,21000),(25,'2020-04-01',NULL,0,1),(25,'2020-04-01',NULL,1,3),(25,'2020-04-01',NULL,2,2),(25,'2020-04-01',NULL,3,1);

/*Table structure for table `riwayat_user` */

DROP TABLE IF EXISTS `riwayat_user`;

CREATE TABLE `riwayat_user` (
  `ID_USER` int(11) NOT NULL,
  `ID_PU` int(11) DEFAULT NULL,
  `WAKTU_MULAI_USER` datetime NOT NULL,
  `WAKTU_AKHIR_USER` datetime DEFAULT NULL,
  `NAMA_USER` varchar(50) NOT NULL,
  `EMAIL_USER` varchar(50) NOT NULL,
  `PASSWORD_USER` char(32) NOT NULL,
  PRIMARY KEY (`ID_USER`),
  KEY `FK_RIWAYAT_USER_1` (`ID_PU`),
  CONSTRAINT `FK_RIWAYAT_USER_1` FOREIGN KEY (`ID_PU`) REFERENCES `peran_user` (`ID_PU`) ON DELETE SET NULL ON UPDATE CASCADE,
  CONSTRAINT `FK_RIWAYAT_USER_2` FOREIGN KEY (`ID_USER`) REFERENCES `user` (`ID_USER`) ON DELETE CASCADE ON UPDATE CASCADE
) ENGINE=InnoDB DEFAULT CHARSET=latin1;

/*Data for the table `riwayat_user` */

insert  into `riwayat_user`(`ID_USER`,`ID_PU`,`WAKTU_MULAI_USER`,`WAKTU_AKHIR_USER`,`NAMA_USER`,`EMAIL_USER`,`PASSWORD_USER`) values (1,5,'2020-02-05 11:50:16',NULL,'Super Admin Pokoknya','rizqinur2010@gmail.com','admin');

/*Table structure for table `riwayat_tki` */

DROP TABLE IF EXISTS `riwayat_tki`;

CREATE TABLE `riwayat_tki` (
  `ID_JOB` int(11) NOT NULL,
  `KINERJA` char(1) NOT NULL,
  `PERIODE_MULAI_TKI` date NOT NULL,
  `PERIODE_AKHIR_TKI` date DEFAULT NULL,
  `NILAI_TKI` int(11) DEFAULT NULL,
  PRIMARY KEY (`PERIODE_MULAI_TKI`,`ID_JOB`,`KINERJA`),
  KEY `FK_RIWAYAT_TUNJANGAN_KINERJA_1` (`PERIODE_AKHIR_TKI`),
  KEY `FK_RIWAYAT_TUNJANGAN_KINERJA_3` (`ID_JOB`,`KINERJA`),
  CONSTRAINT `FK_RIWAYAT_TUNJANGAN_KINERJA_1` FOREIGN KEY (`PERIODE_AKHIR_TKI`) REFERENCES `periode` (`PERIODE`),
  CONSTRAINT `FK_RIWAYAT_TUNJANGAN_KINERJA_2` FOREIGN KEY (`PERIODE_MULAI_TKI`) REFERENCES `periode` (`PERIODE`),
  CONSTRAINT `FK_RIWAYAT_TUNJANGAN_KINERJA_3` FOREIGN KEY (`ID_JOB`, `KINERJA`) REFERENCES `tunjangan_kinerja` (`ID_JOB`, `KINERJA`) ON DELETE CASCADE ON UPDATE CASCADE
) ENGINE=InnoDB DEFAULT CHARSET=latin1;

/*Data for the table `riwayat_tki` */

insert  into `riwayat_tki`(`ID_JOB`,`KINERJA`,`PERIODE_MULAI_TKI`,`PERIODE_AKHIR_TKI`,`NILAI_TKI`) values (1,'A','2020-01-01',NULL,1000000),(1,'B','2020-01-01',NULL,750000),(1,'C','2020-01-01',NULL,500000),(2,'A','2020-01-01',NULL,1000000),(2,'B','2020-01-01',NULL,750000),(2,'C','2020-01-01',NULL,500000),(3,'A','2020-01-01',NULL,1000000),(3,'B','2020-01-01',NULL,750000),(3,'C','2020-01-01',NULL,500000),(4,'A','2020-01-01',NULL,1000000),(4,'B','2020-01-01',NULL,750000),(4,'C','2020-01-01',NULL,500000),(5,'A','2020-01-01',NULL,1000000),(5,'B','2020-01-01',NULL,750000),(5,'C','2020-01-01',NULL,500000),(6,'A','2020-01-01',NULL,1000000),(6,'B','2020-01-01',NULL,750000),(6,'C','2020-01-01',NULL,500000),(25,'A','2020-04-01',NULL,3),(25,'B','2020-04-01',NULL,2),(25,'C','2020-04-01',NULL,1);

/*Table structure for table `shift` */

DROP TABLE IF EXISTS `shift`;

CREATE TABLE `shift` (
  `ID_SHIFT` int(11) NOT NULL AUTO_INCREMENT,
  PRIMARY KEY (`ID_SHIFT`)
) ENGINE=InnoDB AUTO_INCREMENT=16 DEFAULT CHARSET=latin1;

/*Data for the table `shift` */

insert  into `shift`(`ID_SHIFT`) values (1),(2),(3),(4),(5),(6),(7),(8),(9),(10),(11),(12),(13),(14),(15);

/*Table structure for table `status_karyawan` */

DROP TABLE IF EXISTS `status_karyawan`;

CREATE TABLE `status_karyawan` (
  `ID_SKA` int(11) NOT NULL AUTO_INCREMENT,
  `NAMA_SKA` varchar(25) NOT NULL,
  PRIMARY KEY (`ID_SKA`)
) ENGINE=InnoDB AUTO_INCREMENT=3 DEFAULT CHARSET=latin1;

/*Data for the table `status_karyawan` */

insert  into `status_karyawan`(`ID_SKA`,`NAMA_SKA`) values (1,'Tetap'),(2,'Kontrak');

/*Table structure for table `status_koperasi` */

DROP TABLE IF EXISTS `status_koperasi`;

CREATE TABLE `status_koperasi` (
  `ID_SKO` tinyint(4) NOT NULL,
  `NAMA_SKO` varchar(25) NOT NULL,
  PRIMARY KEY (`ID_SKO`)
) ENGINE=InnoDB DEFAULT CHARSET=latin1;

/*Data for the table `status_koperasi` */

insert  into `status_koperasi`(`ID_SKO`,`NAMA_SKO`) values (0,'Bukan Anggota'),(1,'Daftar Baru'),(2,'Anggota');

/*Table structure for table `subdepartemen` */

DROP TABLE IF EXISTS `subdepartemen`;

CREATE TABLE `subdepartemen` (
  `ID_SUBDEPT` int(11) NOT NULL AUTO_INCREMENT,
  PRIMARY KEY (`ID_SUBDEPT`)
) ENGINE=InnoDB AUTO_INCREMENT=25 DEFAULT CHARSET=latin1;

/*Data for the table `subdepartemen` */

insert  into `subdepartemen`(`ID_SUBDEPT`) values (1),(2),(3),(4),(5),(6),(7),(8),(9),(10),(11),(12),(13),(14),(15),(16),(17),(19),(20),(21),(22),(23),(24);

/*Table structure for table `tkh_jabatan` */

DROP TABLE IF EXISTS `tkh_jabatan`;

CREATE TABLE `tkh_jabatan` (
  `ID_JABATAN` int(11) NOT NULL,
  `PERIODE_MULAI_TKHJ` date NOT NULL,
  `PERIODE_AKHIR_TKHJ` date DEFAULT NULL,
  `ID_TKH` int(11) NOT NULL,
  PRIMARY KEY (`PERIODE_MULAI_TKHJ`,`ID_TKH`,`ID_JABATAN`),
  KEY `FK_TKH_JABATAN_2` (`PERIODE_AKHIR_TKHJ`),
  KEY `FK_TKH_JABATAN_1` (`ID_JABATAN`),
  KEY `FK_TKH_JABATAN_4` (`ID_TKH`),
  CONSTRAINT `FK_TKH_JABATAN_1` FOREIGN KEY (`ID_JABATAN`) REFERENCES `jabatan` (`ID_JABATAN`) ON DELETE CASCADE ON UPDATE CASCADE,
  CONSTRAINT `FK_TKH_JABATAN_2` FOREIGN KEY (`PERIODE_AKHIR_TKHJ`) REFERENCES `periode` (`PERIODE`),
  CONSTRAINT `FK_TKH_JABATAN_3` FOREIGN KEY (`PERIODE_MULAI_TKHJ`) REFERENCES `periode` (`PERIODE`),
  CONSTRAINT `FK_TKH_JABATAN_4` FOREIGN KEY (`ID_TKH`) REFERENCES `tunjangan_khusus` (`ID_TKH`) ON DELETE CASCADE ON UPDATE CASCADE
) ENGINE=InnoDB DEFAULT CHARSET=latin1;

/*Data for the table `tkh_jabatan` */

insert  into `tkh_jabatan`(`ID_JABATAN`,`PERIODE_MULAI_TKHJ`,`PERIODE_AKHIR_TKHJ`,`ID_TKH`) values (5,'2020-04-01',NULL,1),(5,'2020-04-01',NULL,2),(5,'2020-04-01',NULL,3),(5,'2020-04-01',NULL,5);

/*Table structure for table `tunjangan_khusus` */

DROP TABLE IF EXISTS `tunjangan_khusus`;

CREATE TABLE `tunjangan_khusus` (
  `ID_TKH` int(11) NOT NULL AUTO_INCREMENT,
  PRIMARY KEY (`ID_TKH`)
) ENGINE=InnoDB AUTO_INCREMENT=38 DEFAULT CHARSET=latin1;

/*Data for the table `tunjangan_khusus` */

insert  into `tunjangan_khusus`(`ID_TKH`) values (1),(2),(3),(4),(5),(6),(7),(8),(9),(10),(11),(12),(13),(14),(15),(16),(17),(18),(19),(20),(21),(22),(23),(24),(25),(26),(27),(28),(29),(30),(31),(32),(33),(34),(35),(36),(37);

/*Table structure for table `tunjangan_kinerja` */

DROP TABLE IF EXISTS `tunjangan_kinerja`;

CREATE TABLE `tunjangan_kinerja` (
  `ID_JOB` int(11) NOT NULL,
  `KINERJA` char(1) NOT NULL,
  PRIMARY KEY (`ID_JOB`,`KINERJA`),
  KEY `FK_TUNJANGAN_KINERJA_1` (`KINERJA`),
  CONSTRAINT `FK_TUNJANGAN_KINERJA_1` FOREIGN KEY (`KINERJA`) REFERENCES `kinerja` (`KINERJA`) ON DELETE CASCADE ON UPDATE CASCADE,
  CONSTRAINT `FK_TUNJANGAN_KINERJA_2` FOREIGN KEY (`ID_JOB`) REFERENCES `job_level` (`ID_JOB`) ON DELETE CASCADE ON UPDATE CASCADE
) ENGINE=InnoDB DEFAULT CHARSET=latin1;

/*Data for the table `tunjangan_kinerja` */

insert  into `tunjangan_kinerja`(`ID_JOB`,`KINERJA`) values (1,'A'),(1,'B'),(1,'C'),(2,'A'),(2,'B'),(2,'C'),(3,'A'),(3,'B'),(3,'C'),(4,'A'),(4,'B'),(4,'C'),(5,'A'),(5,'B'),(5,'C'),(6,'A'),(6,'B'),(6,'C'),(25,'A'),(25,'B'),(25,'C');

/*Table structure for table `tunjangan_masa_kerja` */

DROP TABLE IF EXISTS `tunjangan_masa_kerja`;

CREATE TABLE `tunjangan_masa_kerja` (
  `ID_TMK` int(11) NOT NULL AUTO_INCREMENT,
  `ID_JOB` int(11) NOT NULL,
  PRIMARY KEY (`ID_TMK`),
  KEY `FK_TUNJANGAN_MASA_KERJA_1` (`ID_JOB`),
  CONSTRAINT `FK_TUNJANGAN_MASA_KERJA_1` FOREIGN KEY (`ID_JOB`) REFERENCES `job_level` (`ID_JOB`) ON DELETE CASCADE ON UPDATE CASCADE
) ENGINE=InnoDB AUTO_INCREMENT=181 DEFAULT CHARSET=latin1;

/*Data for the table `tunjangan_masa_kerja` */

insert  into `tunjangan_masa_kerja`(`ID_TMK`,`ID_JOB`) values (1,1),(2,1),(3,1),(4,1),(5,1),(6,1),(7,1),(8,1),(9,1),(10,1),(11,2),(12,2),(13,2),(14,2),(15,2),(16,2),(17,2),(18,2),(19,2),(20,2),(21,3),(22,3),(23,3),(24,3),(25,3),(26,3),(27,3),(28,3),(29,3),(30,3),(31,4),(32,4),(33,4),(34,4),(35,4),(36,4),(37,4),(38,4),(39,4),(40,4),(41,5),(42,5),(43,5),(44,5),(45,5),(46,5),(47,5),(48,5),(49,5),(50,5),(51,6),(52,6),(53,6),(54,6),(55,6),(56,6),(57,6),(58,6),(59,6),(60,6),(71,18),(72,18),(73,18),(74,18),(75,18),(76,18),(77,18),(78,18),(79,18),(80,18),(131,24),(132,24),(133,24),(134,24),(135,24),(136,24),(137,24),(138,24),(139,24),(140,24),(141,25),(142,25),(143,25),(144,25),(145,25),(146,25),(147,25),(148,25),(149,25),(150,25),(151,26),(152,26),(153,26),(154,26),(155,26),(156,26),(157,26),(158,26),(159,26),(160,26),(161,27),(162,27),(163,27),(164,27),(165,27),(166,27),(167,27),(168,27),(169,27),(170,27),(171,31),(172,31),(173,31),(174,31),(175,31),(176,31),(177,31),(178,31),(179,31),(180,31);

/*Table structure for table `upah_lembur` */

DROP TABLE IF EXISTS `upah_lembur`;

CREATE TABLE `upah_lembur` (
  `ID_JOB` int(11) NOT NULL,
  `JAM_LEMBUR` int(11) NOT NULL,
  PRIMARY KEY (`ID_JOB`,`JAM_LEMBUR`),
  CONSTRAINT `FK_UPAH_LEMBUR_1` FOREIGN KEY (`ID_JOB`) REFERENCES `job_level` (`ID_JOB`) ON DELETE CASCADE ON UPDATE CASCADE
) ENGINE=InnoDB DEFAULT CHARSET=latin1;

/*Data for the table `upah_lembur` */

insert  into `upah_lembur`(`ID_JOB`,`JAM_LEMBUR`) values (1,1),(1,2),(1,3),(2,1),(2,2),(2,3),(3,1),(3,2),(3,3),(4,1),(4,2),(4,3),(5,1),(5,2),(5,3),(6,1),(6,2),(6,3),(25,0),(25,1),(25,2),(25,3);

/*Table structure for table `user` */

DROP TABLE IF EXISTS `user`;

CREATE TABLE `user` (
  `ID_USER` int(11) NOT NULL AUTO_INCREMENT,
  `USERNAME` varchar(16) NOT NULL,
  PRIMARY KEY (`ID_USER`)
) ENGINE=InnoDB AUTO_INCREMENT=2 DEFAULT CHARSET=latin1;

/*Data for the table `user` */

insert  into `user`(`ID_USER`,`USERNAME`) values (1,'admin');

/* Function  structure for function  `id_per` */

/*!50003 DROP FUNCTION IF EXISTS `id_per` */;
DELIMITER $$

/*!50003 CREATE DEFINER=`root`@`localhost` FUNCTION `id_per`() RETURNS int(11)
    NO SQL
    DETERMINISTIC
BEGIN
	return @id_per;
    END */$$
DELIMITER ;

/* Function  structure for function  `periode` */

/*!50003 DROP FUNCTION IF EXISTS `periode` */;
DELIMITER $$

/*!50003 CREATE DEFINER=`root`@`localhost` FUNCTION `periode`() RETURNS date
    NO SQL
    DETERMINISTIC
BEGIN
	return @periode;
    END */$$
DELIMITER ;

/*Table structure for table `dept_aktif` */

DROP TABLE IF EXISTS `dept_aktif`;

/*!50001 DROP VIEW IF EXISTS `dept_aktif` */;
/*!50001 DROP TABLE IF EXISTS `dept_aktif` */;

/*!50001 CREATE TABLE  `dept_aktif`(
 `ID_DEPT` int(11) ,
 `NAMA_DEPT` varchar(50) ,
 `ID_PER` int(11) 
)*/;

/*Table structure for table `dept_aktif_row` */

DROP TABLE IF EXISTS `dept_aktif_row`;

/*!50001 DROP VIEW IF EXISTS `dept_aktif_row` */;
/*!50001 DROP TABLE IF EXISTS `dept_aktif_row` */;

/*!50001 CREATE TABLE  `dept_aktif_row`(
 `ID_DEPT` int(11) ,
 `NAMA_DEPT` varchar(50) ,
 `ID_PER` int(11) ,
 `JUMLAH_SUBDEPT` bigint(21) ,
 `JUMLAH_KAR` decimal(42,0) 
)*/;

/*Table structure for table `dept_all` */

DROP TABLE IF EXISTS `dept_all`;

/*!50001 DROP VIEW IF EXISTS `dept_all` */;
/*!50001 DROP TABLE IF EXISTS `dept_all` */;

/*!50001 CREATE TABLE  `dept_all`(
 `ID_DEPT` int(11) ,
 `NAMA_DEPT` varchar(50) ,
 `ID_PER` int(11) ,
 `AKTIF_DEPT` bigint(20) 
)*/;

/*Table structure for table `dept_dihapus` */

DROP TABLE IF EXISTS `dept_dihapus`;

/*!50001 DROP VIEW IF EXISTS `dept_dihapus` */;
/*!50001 DROP TABLE IF EXISTS `dept_dihapus` */;

/*!50001 CREATE TABLE  `dept_dihapus`(
 `ID_DEPT` int(11) ,
 `NAMA_DEPT` varchar(50) ,
 `ID_PER` int(11) 
)*/;

/*Table structure for table `dept_dihapus_lite` */

DROP TABLE IF EXISTS `dept_dihapus_lite`;

/*!50001 DROP VIEW IF EXISTS `dept_dihapus_lite` */;
/*!50001 DROP TABLE IF EXISTS `dept_dihapus_lite` */;

/*!50001 CREATE TABLE  `dept_dihapus_lite`(
 `ID_DEPT` int(11) ,
 `NAMA_DEPT` varchar(50) ,
 `ID_PER` int(11) ,
 `PERIODE_MULAI_DEPT` date ,
 `PERIODE_AKHIR_DEPT` date 
)*/;

/*Table structure for table `dept_dihapus_row` */

DROP TABLE IF EXISTS `dept_dihapus_row`;

/*!50001 DROP VIEW IF EXISTS `dept_dihapus_row` */;
/*!50001 DROP TABLE IF EXISTS `dept_dihapus_row` */;

/*!50001 CREATE TABLE  `dept_dihapus_row`(
 `ID_DEPT` int(11) ,
 `ID_PER` int(11) ,
 `NAMA_DEPT` varchar(50) ,
 `JUMLAH_SUBDEPT` bigint(21) ,
 `JUMLAH_KAR` decimal(42,0) 
)*/;

/*Table structure for table `gaji_aktif` */

DROP TABLE IF EXISTS `gaji_aktif`;

/*!50001 DROP VIEW IF EXISTS `gaji_aktif` */;
/*!50001 DROP TABLE IF EXISTS `gaji_aktif` */;

/*!50001 CREATE TABLE  `gaji_aktif`(
 `ID_KAR` int(11) ,
 `KINERJA` char(1) ,
 `GAJI_LAIN` int(11) ,
 `PPH21` int(11) 
)*/;

/*Table structure for table `gaji_nonaktif` */

DROP TABLE IF EXISTS `gaji_nonaktif`;

/*!50001 DROP VIEW IF EXISTS `gaji_nonaktif` */;
/*!50001 DROP TABLE IF EXISTS `gaji_nonaktif` */;

/*!50001 CREATE TABLE  `gaji_nonaktif`(
 `PERIODE` date ,
 `ID_KAR` int(11) ,
 `KINERJA` char(1) ,
 `GAJI_LAIN` int(11) ,
 `PPH21` int(11) 
)*/;

/*Table structure for table `gaji_terakhir` */

DROP TABLE IF EXISTS `gaji_terakhir`;

/*!50001 DROP VIEW IF EXISTS `gaji_terakhir` */;
/*!50001 DROP TABLE IF EXISTS `gaji_terakhir` */;

/*!50001 CREATE TABLE  `gaji_terakhir`(
 `ID_KAR` int(11) ,
 `KINERJA` char(1) ,
 `GAJI_LAIN` int(11) ,
 `PPH21` int(11) 
)*/;

/*Table structure for table `jabatan_aktif` */

DROP TABLE IF EXISTS `jabatan_aktif`;

/*!50001 DROP VIEW IF EXISTS `jabatan_aktif` */;
/*!50001 DROP TABLE IF EXISTS `jabatan_aktif` */;

/*!50001 CREATE TABLE  `jabatan_aktif`(
 `ID_JABATAN` int(11) ,
 `NAMA_JABATAN` varchar(50) ,
 `ID_JOB` int(11) ,
 `NAMA_JOB` varchar(50) 
)*/;

/*Table structure for table `jabatan_aktif_per_job_count` */

DROP TABLE IF EXISTS `jabatan_aktif_per_job_count`;

/*!50001 DROP VIEW IF EXISTS `jabatan_aktif_per_job_count` */;
/*!50001 DROP TABLE IF EXISTS `jabatan_aktif_per_job_count` */;

/*!50001 CREATE TABLE  `jabatan_aktif_per_job_count`(
 `ID_JOB` int(11) ,
 `JUMLAH_JABATAN` bigint(21) ,
 `JUMLAH_KAR` decimal(42,0) 
)*/;

/*Table structure for table `jabatan_aktif_per_tkh_count` */

DROP TABLE IF EXISTS `jabatan_aktif_per_tkh_count`;

/*!50001 DROP VIEW IF EXISTS `jabatan_aktif_per_tkh_count` */;
/*!50001 DROP TABLE IF EXISTS `jabatan_aktif_per_tkh_count` */;

/*!50001 CREATE TABLE  `jabatan_aktif_per_tkh_count`(
 `ID_TKH` int(11) ,
 `JUMLAH_JABATAN` bigint(21) ,
 `JUMLAH_KAR` decimal(42,0) 
)*/;

/*Table structure for table `jabatan_aktif_pure` */

DROP TABLE IF EXISTS `jabatan_aktif_pure`;

/*!50001 DROP VIEW IF EXISTS `jabatan_aktif_pure` */;
/*!50001 DROP TABLE IF EXISTS `jabatan_aktif_pure` */;

/*!50001 CREATE TABLE  `jabatan_aktif_pure`(
 `ID_JABATAN` int(11) ,
 `NAMA_JABATAN` varchar(50) ,
 `ID_JOB` int(11) 
)*/;

/*Table structure for table `jabatan_aktif_row` */

DROP TABLE IF EXISTS `jabatan_aktif_row`;

/*!50001 DROP VIEW IF EXISTS `jabatan_aktif_row` */;
/*!50001 DROP TABLE IF EXISTS `jabatan_aktif_row` */;

/*!50001 CREATE TABLE  `jabatan_aktif_row`(
 `ID_JABATAN` int(11) ,
 `NAMA_JABATAN` varchar(50) ,
 `ID_JOB` int(11) ,
 `NAMA_JOB` varchar(50) ,
 `JUMLAH_KAR` bigint(21) 
)*/;

/*Table structure for table `jabatan_aktif_row_tkh` */

DROP TABLE IF EXISTS `jabatan_aktif_row_tkh`;

/*!50001 DROP VIEW IF EXISTS `jabatan_aktif_row_tkh` */;
/*!50001 DROP TABLE IF EXISTS `jabatan_aktif_row_tkh` */;

/*!50001 CREATE TABLE  `jabatan_aktif_row_tkh`(
 `ID_JABATAN` int(11) ,
 `NAMA_JABATAN` varchar(50) ,
 `ID_JOB` int(11) ,
 `NAMA_JOB` varchar(50) ,
 `JUMLAH_TKH` bigint(21) ,
 `JUMLAH_KAR` bigint(21) 
)*/;

/*Table structure for table `jabatan_all` */

DROP TABLE IF EXISTS `jabatan_all`;

/*!50001 DROP VIEW IF EXISTS `jabatan_all` */;
/*!50001 DROP TABLE IF EXISTS `jabatan_all` */;

/*!50001 CREATE TABLE  `jabatan_all`(
 `ID_JABATAN` int(11) ,
 `NAMA_JABATAN` varchar(50) ,
 `ID_JOB` int(11) ,
 `NAMA_JOB` varchar(50) ,
 `AKTIF_JABATAN` bigint(20) ,
 `AKTIF_JOB` bigint(20) 
)*/;

/*Table structure for table `jabatan_dihapus` */

DROP TABLE IF EXISTS `jabatan_dihapus`;

/*!50001 DROP VIEW IF EXISTS `jabatan_dihapus` */;
/*!50001 DROP TABLE IF EXISTS `jabatan_dihapus` */;

/*!50001 CREATE TABLE  `jabatan_dihapus`(
 `ID_JABATAN` int(11) ,
 `NAMA_JABATAN` varchar(50) ,
 `ID_JOB` int(11) ,
 `NAMA_JOB` varchar(50) ,
 `AKTIF_JOB` bigint(20) 
)*/;

/*Table structure for table `jabatan_dihapus_lite` */

DROP TABLE IF EXISTS `jabatan_dihapus_lite`;

/*!50001 DROP VIEW IF EXISTS `jabatan_dihapus_lite` */;
/*!50001 DROP TABLE IF EXISTS `jabatan_dihapus_lite` */;

/*!50001 CREATE TABLE  `jabatan_dihapus_lite`(
 `ID_JABATAN` int(11) ,
 `PERIODE_MULAI_JABATAN` date ,
 `PERIODE_AKHIR_JABATAN` date ,
 `ID_JOB` int(11) ,
 `NAMA_JABATAN` varchar(50) 
)*/;

/*Table structure for table `jabatan_dihapus_pure` */

DROP TABLE IF EXISTS `jabatan_dihapus_pure`;

/*!50001 DROP VIEW IF EXISTS `jabatan_dihapus_pure` */;
/*!50001 DROP TABLE IF EXISTS `jabatan_dihapus_pure` */;

/*!50001 CREATE TABLE  `jabatan_dihapus_pure`(
 `ID_JABATAN` int(11) ,
 `NAMA_JABATAN` varchar(50) ,
 `ID_JOB` int(11) 
)*/;

/*Table structure for table `jabatan_dihapus_row` */

DROP TABLE IF EXISTS `jabatan_dihapus_row`;

/*!50001 DROP VIEW IF EXISTS `jabatan_dihapus_row` */;
/*!50001 DROP TABLE IF EXISTS `jabatan_dihapus_row` */;

/*!50001 CREATE TABLE  `jabatan_dihapus_row`(
 `ID_JABATAN` int(11) ,
 `NAMA_JABATAN` varchar(50) ,
 `ID_JOB` int(11) ,
 `NAMA_JOB` varchar(50) ,
 `AKTIF_JOB` bigint(20) ,
 `JUMLAH_KAR` bigint(21) 
)*/;

/*Table structure for table `job_aktif` */

DROP TABLE IF EXISTS `job_aktif`;

/*!50001 DROP VIEW IF EXISTS `job_aktif` */;
/*!50001 DROP TABLE IF EXISTS `job_aktif` */;

/*!50001 CREATE TABLE  `job_aktif`(
 `ID_JOB` int(11) ,
 `NAMA_JOB` varchar(50) 
)*/;

/*Table structure for table `job_aktif_row` */

DROP TABLE IF EXISTS `job_aktif_row`;

/*!50001 DROP VIEW IF EXISTS `job_aktif_row` */;
/*!50001 DROP TABLE IF EXISTS `job_aktif_row` */;

/*!50001 CREATE TABLE  `job_aktif_row`(
 `ID_JOB` int(11) ,
 `NAMA_JOB` varchar(50) ,
 `JUMLAH_JABATAN` bigint(21) ,
 `JUMLAH_KAR` decimal(42,0) 
)*/;

/*Table structure for table `job_all` */

DROP TABLE IF EXISTS `job_all`;

/*!50001 DROP VIEW IF EXISTS `job_all` */;
/*!50001 DROP TABLE IF EXISTS `job_all` */;

/*!50001 CREATE TABLE  `job_all`(
 `ID_JOB` int(11) ,
 `NAMA_JOB` varchar(50) ,
 `AKTIF_JOB` bigint(20) 
)*/;

/*Table structure for table `job_dihapus` */

DROP TABLE IF EXISTS `job_dihapus`;

/*!50001 DROP VIEW IF EXISTS `job_dihapus` */;
/*!50001 DROP TABLE IF EXISTS `job_dihapus` */;

/*!50001 CREATE TABLE  `job_dihapus`(
 `ID_JOB` int(11) ,
 `NAMA_JOB` varchar(50) 
)*/;

/*Table structure for table `job_dihapus_lite` */

DROP TABLE IF EXISTS `job_dihapus_lite`;

/*!50001 DROP VIEW IF EXISTS `job_dihapus_lite` */;
/*!50001 DROP TABLE IF EXISTS `job_dihapus_lite` */;

/*!50001 CREATE TABLE  `job_dihapus_lite`(
 `ID_JOB` int(11) ,
 `PERIODE_MULAI_JOB` date ,
 `PERIODE_AKHIR_JOB` date ,
 `NAMA_JOB` varchar(50) ,
 `GAJI_POKOK` int(11) ,
 `TUNJANGAN_JABATAN` int(11) 
)*/;

/*Table structure for table `job_dihapus_pure` */

DROP TABLE IF EXISTS `job_dihapus_pure`;

/*!50001 DROP VIEW IF EXISTS `job_dihapus_pure` */;
/*!50001 DROP TABLE IF EXISTS `job_dihapus_pure` */;

/*!50001 CREATE TABLE  `job_dihapus_pure`(
 `ID_JOB` int(11) ,
 `NAMA_JOB` varchar(50) ,
 `GAJI_POKOK` int(11) ,
 `TUNJANGAN_JABATAN` int(11) 
)*/;

/*Table structure for table `job_dihapus_row` */

DROP TABLE IF EXISTS `job_dihapus_row`;

/*!50001 DROP VIEW IF EXISTS `job_dihapus_row` */;
/*!50001 DROP TABLE IF EXISTS `job_dihapus_row` */;

/*!50001 CREATE TABLE  `job_dihapus_row`(
 `ID_JOB` int(11) ,
 `NAMA_JOB` varchar(50) ,
 `JUMLAH_JABATAN` bigint(21) ,
 `JUMLAH_KAR` decimal(42,0) 
)*/;

/*Table structure for table `job_gaji_all` */

DROP TABLE IF EXISTS `job_gaji_all`;

/*!50001 DROP VIEW IF EXISTS `job_gaji_all` */;
/*!50001 DROP TABLE IF EXISTS `job_gaji_all` */;

/*!50001 CREATE TABLE  `job_gaji_all`(
 `ID_JOB` int(11) ,
 `NAMA_JOB` varchar(50) ,
 `GAJI_POKOK` int(11) ,
 `TUNJANGAN_JABATAN` int(11) 
)*/;

/*Table structure for table `job_gaji_baru` */

DROP TABLE IF EXISTS `job_gaji_baru`;

/*!50001 DROP VIEW IF EXISTS `job_gaji_baru` */;
/*!50001 DROP TABLE IF EXISTS `job_gaji_baru` */;

/*!50001 CREATE TABLE  `job_gaji_baru`(
 `ID_JOB` int(11) ,
 `NAMA_JOB` varchar(50) ,
 `GAJI_POKOK` int(11) ,
 `TUNJANGAN_JABATAN` int(11) 
)*/;

/*Table structure for table `job_gaji_lama` */

DROP TABLE IF EXISTS `job_gaji_lama`;

/*!50001 DROP VIEW IF EXISTS `job_gaji_lama` */;
/*!50001 DROP TABLE IF EXISTS `job_gaji_lama` */;

/*!50001 CREATE TABLE  `job_gaji_lama`(
 `ID_JOB` int(11) ,
 `NAMA_JOB` varchar(50) ,
 `GAJI_POKOK` int(11) ,
 `TUNJANGAN_JABATAN` int(11) 
)*/;

/*Table structure for table `job_gaji_sekarang` */

DROP TABLE IF EXISTS `job_gaji_sekarang`;

/*!50001 DROP VIEW IF EXISTS `job_gaji_sekarang` */;
/*!50001 DROP TABLE IF EXISTS `job_gaji_sekarang` */;

/*!50001 CREATE TABLE  `job_gaji_sekarang`(
 `ID_JOB` int(11) ,
 `NAMA_JOB` varchar(50) ,
 `GAJI_POKOK` int(11) ,
 `TUNJANGAN_JABATAN` int(11) 
)*/;

/*Table structure for table `kar_aktif` */

DROP TABLE IF EXISTS `kar_aktif`;

/*!50001 DROP VIEW IF EXISTS `kar_aktif` */;
/*!50001 DROP TABLE IF EXISTS `kar_aktif` */;

/*!50001 CREATE TABLE  `kar_aktif`(
 `ID_KAR` int(11) ,
 `NIK` varchar(10) ,
 `NAMA_KAR` varchar(50) ,
 `ID_JABATAN` int(11) ,
 `NAMA_JABATAN` varchar(50) ,
 `ID_JOB` int(11) ,
 `NAMA_JOB` varchar(50) ,
 `ID_SUBDEPT` int(11) ,
 `NAMA_SUBDEPT` varchar(50) ,
 `ID_DEPT` int(11) ,
 `NAMA_DEPT` varchar(50) ,
 `TANGGAL_MASUK` date 
)*/;

/*Table structure for table `kar_aktif_full` */

DROP TABLE IF EXISTS `kar_aktif_full`;

/*!50001 DROP VIEW IF EXISTS `kar_aktif_full` */;
/*!50001 DROP TABLE IF EXISTS `kar_aktif_full` */;

/*!50001 CREATE TABLE  `kar_aktif_full`(
 `ID_KAR` int(11) ,
 `NIK` varchar(10) ,
 `NAMA_KAR` varchar(50) ,
 `ID_JABATAN` int(11) ,
 `NAMA_JABATAN` varchar(50) ,
 `ID_JOB` int(11) ,
 `NAMA_JOB` varchar(50) ,
 `ID_SUBDEPT` int(11) ,
 `NAMA_SUBDEPT` varchar(50) ,
 `ID_DEPT` int(11) ,
 `NAMA_DEPT` varchar(50) ,
 `TANGGAL_MASUK` date ,
 `ID_SKA` int(11) ,
 `NAMA_SKA` varchar(25) ,
 `ALAMAT_KAR` char(50) ,
 `NO_KTP_KAR` char(16) ,
 `TELEPON_KAR` varchar(15) ,
 `EMAIL_KAR` varchar(50) ,
 `TEMPAT_LAHIR_KAR` varchar(25) ,
 `TANGGAL_LAHIR_KAR` date ,
 `ID_AGAMA` int(11) ,
 `NAMA_AGAMA` varchar(15) ,
 `ID_JK` int(11) ,
 `NAMA_JK` varchar(11) ,
 `ID_PENDIDIKAN` int(11) ,
 `NAMA_PENDIDIKAN` varchar(15) ,
 `TINGKAT_PENDIDIKAN` smallint(6) ,
 `TAHUN_KERJA` bigint(21) ,
 `BULAN_KERJA` bigint(21) 
)*/;

/*Table structure for table `kar_aktif_per_jabatan_count` */

DROP TABLE IF EXISTS `kar_aktif_per_jabatan_count`;

/*!50001 DROP VIEW IF EXISTS `kar_aktif_per_jabatan_count` */;
/*!50001 DROP TABLE IF EXISTS `kar_aktif_per_jabatan_count` */;

/*!50001 CREATE TABLE  `kar_aktif_per_jabatan_count`(
 `ID_JABATAN` int(11) ,
 `JUMLAH_KAR` bigint(21) 
)*/;

/*Table structure for table `kar_aktif_per_subdept_count` */

DROP TABLE IF EXISTS `kar_aktif_per_subdept_count`;

/*!50001 DROP VIEW IF EXISTS `kar_aktif_per_subdept_count` */;
/*!50001 DROP TABLE IF EXISTS `kar_aktif_per_subdept_count` */;

/*!50001 CREATE TABLE  `kar_aktif_per_subdept_count`(
 `ID_SUBDEPT` int(11) ,
 `JUMLAH_KAR` bigint(21) 
)*/;

/*Table structure for table `kar_aktif_pure` */

DROP TABLE IF EXISTS `kar_aktif_pure`;

/*!50001 DROP VIEW IF EXISTS `kar_aktif_pure` */;
/*!50001 DROP TABLE IF EXISTS `kar_aktif_pure` */;

/*!50001 CREATE TABLE  `kar_aktif_pure`(
 `ID_KAR` int(11) ,
 `NIK` varchar(10) ,
 `NAMA_KAR` varchar(50) ,
 `ID_JABATAN` int(11) ,
 `ID_SUBDEPT` int(11) ,
 `TANGGAL_MASUK` date ,
 `ID_SKA` int(11) ,
 `ALAMAT_KAR` char(50) ,
 `NO_KTP_KAR` char(16) ,
 `TELEPON_KAR` varchar(15) ,
 `EMAIL_KAR` varchar(50) ,
 `TEMPAT_LAHIR_KAR` varchar(25) ,
 `TANGGAL_LAHIR_KAR` date ,
 `ID_AGAMA` int(11) ,
 `ID_JK` int(11) ,
 `ID_PENDIDIKAN` int(11) 
)*/;

/*Table structure for table `kar_aktif_row` */

DROP TABLE IF EXISTS `kar_aktif_row`;

/*!50001 DROP VIEW IF EXISTS `kar_aktif_row` */;
/*!50001 DROP TABLE IF EXISTS `kar_aktif_row` */;

/*!50001 CREATE TABLE  `kar_aktif_row`(
 `ID_KAR` int(11) ,
 `NIK` varchar(10) ,
 `NAMA_KAR` varchar(50) ,
 `ID_JABATAN` int(11) ,
 `NAMA_JABATAN` varchar(50) ,
 `ID_JOB` int(11) ,
 `NAMA_JOB` varchar(50) ,
 `ID_SUBDEPT` int(11) ,
 `NAMA_SUBDEPT` varchar(50) ,
 `ID_DEPT` int(11) ,
 `NAMA_DEPT` varchar(50) ,
 `TANGGAL_MASUK` date ,
 `TAHUN_KERJA` bigint(21) ,
 `BULAN_KERJA` bigint(21) 
)*/;

/*Table structure for table `kar_all_full` */

DROP TABLE IF EXISTS `kar_all_full`;

/*!50001 DROP VIEW IF EXISTS `kar_all_full` */;
/*!50001 DROP TABLE IF EXISTS `kar_all_full` */;

/*!50001 CREATE TABLE  `kar_all_full`(
 `ID_KAR` int(11) ,
 `NIK` varchar(10) ,
 `NAMA_KAR` varchar(50) ,
 `ID_JABATAN` int(11) ,
 `NAMA_JABATAN` varchar(50) ,
 `ID_JOB` int(11) ,
 `NAMA_JOB` varchar(50) ,
 `ID_SUBDEPT` int(11) ,
 `NAMA_SUBDEPT` varchar(50) ,
 `ID_DEPT` int(11) ,
 `NAMA_DEPT` varchar(50) ,
 `TANGGAL_MASUK` date ,
 `ID_SKA` int(11) ,
 `NAMA_SKA` varchar(25) ,
 `ALAMAT_KAR` char(50) ,
 `NO_KTP_KAR` char(16) ,
 `TELEPON_KAR` varchar(15) ,
 `EMAIL_KAR` varchar(50) ,
 `TEMPAT_LAHIR_KAR` varchar(25) ,
 `TANGGAL_LAHIR_KAR` date ,
 `ID_AGAMA` int(11) ,
 `NAMA_AGAMA` varchar(15) ,
 `ID_JK` int(11) ,
 `NAMA_JK` varchar(11) ,
 `ID_PENDIDIKAN` int(11) ,
 `NAMA_PENDIDIKAN` varchar(15) ,
 `TINGKAT_PENDIDIKAN` smallint(6) ,
 `TAHUN_KERJA` bigint(21) ,
 `BULAN_KERJA` bigint(21) ,
 `AKTIF_JABATAN` bigint(20) ,
 `AKTIF_JOB` bigint(20) ,
 `AKTIF_SUBDEPT` bigint(20) ,
 `AKTIF_DEPT` bigint(20) ,
 `AKTIF_KAR` bigint(20) 
)*/;

/*Table structure for table `kar_dihapus` */

DROP TABLE IF EXISTS `kar_dihapus`;

/*!50001 DROP VIEW IF EXISTS `kar_dihapus` */;
/*!50001 DROP TABLE IF EXISTS `kar_dihapus` */;

/*!50001 CREATE TABLE  `kar_dihapus`(
 `ID_KAR` int(11) ,
 `NIK` varchar(10) ,
 `NAMA_KAR` varchar(50) ,
 `ID_JABATAN` int(11) ,
 `NAMA_JABATAN` varchar(50) ,
 `ID_JOB` int(11) ,
 `NAMA_JOB` varchar(50) ,
 `ID_SUBDEPT` int(11) ,
 `NAMA_SUBDEPT` varchar(50) ,
 `ID_DEPT` int(11) ,
 `NAMA_DEPT` varchar(50) ,
 `TANGGAL_MASUK` date ,
 `AKTIF_JABATAN` bigint(20) ,
 `AKTIF_JOB` bigint(20) ,
 `AKTIF_SUBDEPT` bigint(20) ,
 `AKTIF_DEPT` bigint(20) 
)*/;

/*Table structure for table `kar_dihapus_full` */

DROP TABLE IF EXISTS `kar_dihapus_full`;

/*!50001 DROP VIEW IF EXISTS `kar_dihapus_full` */;
/*!50001 DROP TABLE IF EXISTS `kar_dihapus_full` */;

/*!50001 CREATE TABLE  `kar_dihapus_full`(
 `ID_KAR` int(11) ,
 `NIK` varchar(10) ,
 `NAMA_KAR` varchar(50) ,
 `ID_JABATAN` int(11) ,
 `NAMA_JABATAN` varchar(50) ,
 `ID_JOB` int(11) ,
 `NAMA_JOB` varchar(50) ,
 `ID_SUBDEPT` int(11) ,
 `NAMA_SUBDEPT` varchar(50) ,
 `ID_DEPT` int(11) ,
 `NAMA_DEPT` varchar(50) ,
 `TANGGAL_MASUK` date ,
 `ID_SKA` int(11) ,
 `NAMA_SKA` varchar(25) ,
 `ALAMAT_KAR` char(50) ,
 `NO_KTP_KAR` char(16) ,
 `TELEPON_KAR` varchar(15) ,
 `EMAIL_KAR` varchar(50) ,
 `TEMPAT_LAHIR_KAR` varchar(25) ,
 `TANGGAL_LAHIR_KAR` date ,
 `ID_AGAMA` int(11) ,
 `NAMA_AGAMA` varchar(15) ,
 `ID_JK` int(11) ,
 `NAMA_JK` varchar(11) ,
 `ID_PENDIDIKAN` int(11) ,
 `NAMA_PENDIDIKAN` varchar(15) ,
 `TINGKAT_PENDIDIKAN` smallint(6) ,
 `TAHUN_KERJA` bigint(21) ,
 `BULAN_KERJA` bigint(21) ,
 `AKTIF_JABATAN` bigint(20) ,
 `AKTIF_JOB` bigint(20) ,
 `AKTIF_SUBDEPT` bigint(20) ,
 `AKTIF_DEPT` bigint(20) 
)*/;

/*Table structure for table `kar_dihapus_lite` */

DROP TABLE IF EXISTS `kar_dihapus_lite`;

/*!50001 DROP VIEW IF EXISTS `kar_dihapus_lite` */;
/*!50001 DROP TABLE IF EXISTS `kar_dihapus_lite` */;

/*!50001 CREATE TABLE  `kar_dihapus_lite`(
 `ID_KAR` int(11) ,
 `PERIODE_MULAI_KAR` date ,
 `PERIODE_AKHIR_KAR` date ,
 `ID_SUBDEPT` int(11) ,
 `ID_JABATAN` int(11) ,
 `ID_SKA` int(11) ,
 `ID_AGAMA` int(11) ,
 `ID_JK` int(11) ,
 `ID_PENDIDIKAN` int(11) ,
 `ID_SKO` tinyint(4) ,
 `NIK` varchar(10) ,
 `NAMA_KAR` varchar(50) ,
 `TANGGAL_MASUK` date ,
 `ALAMAT_KAR` char(50) ,
 `NO_KTP_KAR` char(16) ,
 `TELEPON_KAR` varchar(15) ,
 `EMAIL_KAR` varchar(50) ,
 `TEMPAT_LAHIR_KAR` varchar(25) ,
 `TANGGAL_LAHIR_KAR` date ,
 `GAJI_DILAPORKAN` int(11) ,
 `PERUMAHAN` tinyint(4) 
)*/;

/*Table structure for table `kar_dihapus_pure` */

DROP TABLE IF EXISTS `kar_dihapus_pure`;

/*!50001 DROP VIEW IF EXISTS `kar_dihapus_pure` */;
/*!50001 DROP TABLE IF EXISTS `kar_dihapus_pure` */;

/*!50001 CREATE TABLE  `kar_dihapus_pure`(
 `ID_KAR` int(11) ,
 `NIK` varchar(10) ,
 `NAMA_KAR` varchar(50) ,
 `ID_JABATAN` int(11) ,
 `ID_SUBDEPT` int(11) ,
 `TANGGAL_MASUK` date ,
 `ID_SKA` int(11) ,
 `ALAMAT_KAR` char(50) ,
 `NO_KTP_KAR` char(16) ,
 `TELEPON_KAR` varchar(15) ,
 `EMAIL_KAR` varchar(50) ,
 `TEMPAT_LAHIR_KAR` varchar(25) ,
 `TANGGAL_LAHIR_KAR` date ,
 `ID_AGAMA` int(11) ,
 `ID_JK` int(11) ,
 `ID_PENDIDIKAN` int(11) 
)*/;

/*Table structure for table `kar_dihapus_row` */

DROP TABLE IF EXISTS `kar_dihapus_row`;

/*!50001 DROP VIEW IF EXISTS `kar_dihapus_row` */;
/*!50001 DROP TABLE IF EXISTS `kar_dihapus_row` */;

/*!50001 CREATE TABLE  `kar_dihapus_row`(
 `ID_KAR` int(11) ,
 `NIK` varchar(10) ,
 `NAMA_KAR` varchar(50) ,
 `ID_JABATAN` int(11) ,
 `NAMA_JABATAN` varchar(50) ,
 `ID_JOB` int(11) ,
 `NAMA_JOB` varchar(50) ,
 `ID_SUBDEPT` int(11) ,
 `NAMA_SUBDEPT` varchar(50) ,
 `ID_DEPT` int(11) ,
 `NAMA_DEPT` varchar(50) ,
 `TANGGAL_MASUK` date ,
 `TAHUN_KERJA` bigint(21) ,
 `BULAN_KERJA` bigint(21) ,
 `AKTIF_JABATAN` bigint(20) ,
 `AKTIF_JOB` bigint(20) ,
 `AKTIF_SUBDEPT` bigint(20) ,
 `AKTIF_DEPT` bigint(20) 
)*/;

/*Table structure for table `kar_gaji_all_pure` */

DROP TABLE IF EXISTS `kar_gaji_all_pure`;

/*!50001 DROP VIEW IF EXISTS `kar_gaji_all_pure` */;
/*!50001 DROP TABLE IF EXISTS `kar_gaji_all_pure` */;

/*!50001 CREATE TABLE  `kar_gaji_all_pure`(
 `ID_KAR` int(11) ,
 `NIK` varchar(10) ,
 `NAMA_KAR` varchar(50) ,
 `ID_JABATAN` int(11) ,
 `ID_SUBDEPT` int(11) ,
 `ID_SKO` tinyint(4) ,
 `PERUMAHAN` tinyint(4) ,
 `GAJI_DILAPORKAN` int(11) 
)*/;

/*Table structure for table `kar_gaji_all_row_lite` */

DROP TABLE IF EXISTS `kar_gaji_all_row_lite`;

/*!50001 DROP VIEW IF EXISTS `kar_gaji_all_row_lite` */;
/*!50001 DROP TABLE IF EXISTS `kar_gaji_all_row_lite` */;

/*!50001 CREATE TABLE  `kar_gaji_all_row_lite`(
 `ID_KAR` int(11) ,
 `NIK` varchar(10) ,
 `NAMA_KAR` varchar(50) ,
 `ID_SKO` tinyint(4) ,
 `PERUMAHAN` tinyint(4) ,
 `GAJI_DILAPORKAN` int(11) ,
 `ID_JABATAN` int(11) ,
 `NAMA_JABATAN` varchar(50) ,
 `ID_JOB` int(11) ,
 `NAMA_JOB` varchar(50) ,
 `ID_SUBDEPT` int(11) ,
 `NAMA_SUBDEPT` varchar(50) ,
 `ID_DEPT` int(11) ,
 `NAMA_DEPT` varchar(50) 
)*/;

/*Table structure for table `kar_gaji_belum_pure` */

DROP TABLE IF EXISTS `kar_gaji_belum_pure`;

/*!50001 DROP VIEW IF EXISTS `kar_gaji_belum_pure` */;
/*!50001 DROP TABLE IF EXISTS `kar_gaji_belum_pure` */;

/*!50001 CREATE TABLE  `kar_gaji_belum_pure`(
 `ID_KAR` int(11) ,
 `NIK` varchar(10) ,
 `NAMA_KAR` varchar(50) ,
 `ID_JABATAN` int(11) ,
 `ID_SUBDEPT` int(11) ,
 `ID_SKO` tinyint(4) ,
 `PERUMAHAN` tinyint(4) ,
 `GAJI_DILAPORKAN` int(11) 
)*/;

/*Table structure for table `kar_gaji_belum_row` */

DROP TABLE IF EXISTS `kar_gaji_belum_row`;

/*!50001 DROP VIEW IF EXISTS `kar_gaji_belum_row` */;
/*!50001 DROP TABLE IF EXISTS `kar_gaji_belum_row` */;

/*!50001 CREATE TABLE  `kar_gaji_belum_row`(
 `ID_KAR` int(11) ,
 `NIK` varchar(10) ,
 `NAMA_KAR` varchar(50) ,
 `ID_SKO` tinyint(4) ,
 `PERUMAHAN` tinyint(4) ,
 `GAJI_DILAPORKAN` int(11) ,
 `ID_JABATAN` int(11) ,
 `NAMA_JABATAN` varchar(50) ,
 `ID_JOB` int(11) ,
 `NAMA_JOB` varchar(50) ,
 `ID_SUBDEPT` int(11) ,
 `NAMA_SUBDEPT` varchar(50) ,
 `ID_DEPT` int(11) ,
 `NAMA_DEPT` varchar(50) ,
 `KINERJA` char(1) ,
 `GAJI_LAIN` int(11) ,
 `PPH21` int(11) ,
 `NAMA_SKO` varchar(25) 
)*/;

/*Table structure for table `kar_gaji_sudah_full` */

DROP TABLE IF EXISTS `kar_gaji_sudah_full`;

/*!50001 DROP VIEW IF EXISTS `kar_gaji_sudah_full` */;
/*!50001 DROP TABLE IF EXISTS `kar_gaji_sudah_full` */;

/*!50001 CREATE TABLE  `kar_gaji_sudah_full`(
 `ID_KAR` int(11) ,
 `NIK` varchar(10) ,
 `NAMA_KAR` varchar(50) ,
 `ID_SKO` tinyint(4) ,
 `PERUMAHAN` tinyint(4) ,
 `GAJI_DILAPORKAN` int(11) ,
 `ID_JABATAN` int(11) ,
 `NAMA_JABATAN` varchar(50) ,
 `ID_JOB` int(11) ,
 `NAMA_JOB` varchar(50) ,
 `ID_SUBDEPT` int(11) ,
 `NAMA_SUBDEPT` varchar(50) ,
 `ID_DEPT` int(11) ,
 `NAMA_DEPT` varchar(50) ,
 `KINERJA` char(1) ,
 `GAJI_LAIN` int(11) ,
 `PPH21` int(11) ,
 `NAMA_SKO` varchar(25) ,
 `NILAI_KOP` bigint(11) ,
 `IURAN_RUMAH` bigint(11) 
)*/;

/*Table structure for table `kar_gaji_sudah_pure` */

DROP TABLE IF EXISTS `kar_gaji_sudah_pure`;

/*!50001 DROP VIEW IF EXISTS `kar_gaji_sudah_pure` */;
/*!50001 DROP TABLE IF EXISTS `kar_gaji_sudah_pure` */;

/*!50001 CREATE TABLE  `kar_gaji_sudah_pure`(
 `ID_KAR` int(11) ,
 `NIK` varchar(10) ,
 `NAMA_KAR` varchar(50) ,
 `ID_JABATAN` int(11) ,
 `ID_SUBDEPT` int(11) ,
 `ID_SKO` tinyint(4) ,
 `PERUMAHAN` tinyint(4) ,
 `GAJI_DILAPORKAN` int(11) 
)*/;

/*Table structure for table `kar_gaji_sudah_row` */

DROP TABLE IF EXISTS `kar_gaji_sudah_row`;

/*!50001 DROP VIEW IF EXISTS `kar_gaji_sudah_row` */;
/*!50001 DROP TABLE IF EXISTS `kar_gaji_sudah_row` */;

/*!50001 CREATE TABLE  `kar_gaji_sudah_row`(
 `ID_KAR` int(11) ,
 `NIK` varchar(10) ,
 `NAMA_KAR` varchar(50) ,
 `ID_SKO` tinyint(4) ,
 `PERUMAHAN` tinyint(4) ,
 `GAJI_DILAPORKAN` int(11) ,
 `ID_JABATAN` int(11) ,
 `NAMA_JABATAN` varchar(50) ,
 `ID_JOB` int(11) ,
 `NAMA_JOB` varchar(50) ,
 `ID_SUBDEPT` int(11) ,
 `NAMA_SUBDEPT` varchar(50) ,
 `ID_DEPT` int(11) ,
 `NAMA_DEPT` varchar(50) ,
 `KINERJA` char(1) ,
 `GAJI_LAIN` int(11) ,
 `PPH21` int(11) ,
 `NAMA_SKO` varchar(25) 
)*/;

/*Table structure for table `pengaturan_aktif` */

DROP TABLE IF EXISTS `pengaturan_aktif`;

/*!50001 DROP VIEW IF EXISTS `pengaturan_aktif` */;
/*!50001 DROP TABLE IF EXISTS `pengaturan_aktif` */;

/*!50001 CREATE TABLE  `pengaturan_aktif`(
 `BPJS_KERJA_PER` decimal(10,0) ,
 `BPJS_KERJA_KAR` decimal(10,0) ,
 `BPJS_KES_PER` decimal(10,0) ,
 `BPJS_KES_KAR` decimal(10,0) ,
 `UMK` int(11) ,
 `IURAN_RUMAH` int(11) ,
 `IURAN_KOP` int(11) ,
 `DAFTAR_KOP` int(11) ,
 `UANG_MAKAN` int(11) ,
 `UANG_TRANSPORT` int(11) ,
 `NAMA_OWNER` varchar(25) 
)*/;

/*Table structure for table `shift_aktif` */

DROP TABLE IF EXISTS `shift_aktif`;

/*!50001 DROP VIEW IF EXISTS `shift_aktif` */;
/*!50001 DROP TABLE IF EXISTS `shift_aktif` */;

/*!50001 CREATE TABLE  `shift_aktif`(
 `ID_SHIFT` int(11) ,
 `NAMA_SHIFT` varchar(3) ,
 `MAX_LEMBUR_1` smallint(6) ,
 `MAX_LEMBUR_2` smallint(6) 
)*/;

/*Table structure for table `shift_dihapus` */

DROP TABLE IF EXISTS `shift_dihapus`;

/*!50001 DROP VIEW IF EXISTS `shift_dihapus` */;
/*!50001 DROP TABLE IF EXISTS `shift_dihapus` */;

/*!50001 CREATE TABLE  `shift_dihapus`(
 `ID_SHIFT` int(11) ,
 `NAMA_SHIFT` varchar(3) ,
 `MAX_LEMBUR_1` smallint(6) ,
 `MAX_LEMBUR_2` smallint(6) 
)*/;

/*Table structure for table `shift_dihapus_lite` */

DROP TABLE IF EXISTS `shift_dihapus_lite`;

/*!50001 DROP VIEW IF EXISTS `shift_dihapus_lite` */;
/*!50001 DROP TABLE IF EXISTS `shift_dihapus_lite` */;

/*!50001 CREATE TABLE  `shift_dihapus_lite`(
 `ID_SHIFT` int(11) ,
 `PERIODE_MULAI_SHIFT` date ,
 `PERIODE_AKHIR_SHIFT` date ,
 `NAMA_SHIFT` varchar(3) ,
 `MAX_LEMBUR_1` smallint(6) ,
 `MAX_LEMBUR_2` smallint(6) 
)*/;

/*Table structure for table `status_koperasi_full` */

DROP TABLE IF EXISTS `status_koperasi_full`;

/*!50001 DROP VIEW IF EXISTS `status_koperasi_full` */;
/*!50001 DROP TABLE IF EXISTS `status_koperasi_full` */;

/*!50001 CREATE TABLE  `status_koperasi_full`(
 `ID_SKO` tinyint(4) ,
 `NAMA_SKO` varchar(25) ,
 `NILAI_KOP` bigint(11) 
)*/;

/*Table structure for table `subdept_aktif` */

DROP TABLE IF EXISTS `subdept_aktif`;

/*!50001 DROP VIEW IF EXISTS `subdept_aktif` */;
/*!50001 DROP TABLE IF EXISTS `subdept_aktif` */;

/*!50001 CREATE TABLE  `subdept_aktif`(
 `ID_SUBDEPT` int(11) ,
 `NAMA_SUBDEPT` varchar(50) ,
 `ID_DEPT` int(11) ,
 `NAMA_DEPT` varchar(50) ,
 `ID_PER` int(11) 
)*/;

/*Table structure for table `subdept_aktif_per_dept_count` */

DROP TABLE IF EXISTS `subdept_aktif_per_dept_count`;

/*!50001 DROP VIEW IF EXISTS `subdept_aktif_per_dept_count` */;
/*!50001 DROP TABLE IF EXISTS `subdept_aktif_per_dept_count` */;

/*!50001 CREATE TABLE  `subdept_aktif_per_dept_count`(
 `ID_DEPT` int(11) ,
 `JUMLAH_SUBDEPT` bigint(21) ,
 `JUMLAH_KAR` decimal(42,0) 
)*/;

/*Table structure for table `subdept_aktif_pure` */

DROP TABLE IF EXISTS `subdept_aktif_pure`;

/*!50001 DROP VIEW IF EXISTS `subdept_aktif_pure` */;
/*!50001 DROP TABLE IF EXISTS `subdept_aktif_pure` */;

/*!50001 CREATE TABLE  `subdept_aktif_pure`(
 `ID_SUBDEPT` int(11) ,
 `NAMA_SUBDEPT` varchar(50) ,
 `ID_DEPT` int(11) 
)*/;

/*Table structure for table `subdept_aktif_row` */

DROP TABLE IF EXISTS `subdept_aktif_row`;

/*!50001 DROP VIEW IF EXISTS `subdept_aktif_row` */;
/*!50001 DROP TABLE IF EXISTS `subdept_aktif_row` */;

/*!50001 CREATE TABLE  `subdept_aktif_row`(
 `ID_SUBDEPT` int(11) ,
 `NAMA_SUBDEPT` varchar(50) ,
 `ID_DEPT` int(11) ,
 `NAMA_DEPT` varchar(50) ,
 `ID_PER` int(11) ,
 `JUMLAH_KAR` bigint(21) 
)*/;

/*Table structure for table `subdept_all` */

DROP TABLE IF EXISTS `subdept_all`;

/*!50001 DROP VIEW IF EXISTS `subdept_all` */;
/*!50001 DROP TABLE IF EXISTS `subdept_all` */;

/*!50001 CREATE TABLE  `subdept_all`(
 `ID_SUBDEPT` int(11) ,
 `NAMA_SUBDEPT` varchar(50) ,
 `ID_DEPT` int(11) ,
 `NAMA_DEPT` varchar(50) ,
 `ID_PER` int(11) ,
 `AKTIF_SUBDEPT` bigint(20) ,
 `AKTIF_DEPT` bigint(20) 
)*/;

/*Table structure for table `subdept_dihapus` */

DROP TABLE IF EXISTS `subdept_dihapus`;

/*!50001 DROP VIEW IF EXISTS `subdept_dihapus` */;
/*!50001 DROP TABLE IF EXISTS `subdept_dihapus` */;

/*!50001 CREATE TABLE  `subdept_dihapus`(
 `ID_SUBDEPT` int(11) ,
 `NAMA_SUBDEPT` varchar(50) ,
 `ID_DEPT` int(11) ,
 `NAMA_DEPT` varchar(50) ,
 `ID_PER` int(11) ,
 `AKTIF_DEPT` bigint(20) 
)*/;

/*Table structure for table `subdept_dihapus_lite` */

DROP TABLE IF EXISTS `subdept_dihapus_lite`;

/*!50001 DROP VIEW IF EXISTS `subdept_dihapus_lite` */;
/*!50001 DROP TABLE IF EXISTS `subdept_dihapus_lite` */;

/*!50001 CREATE TABLE  `subdept_dihapus_lite`(
 `ID_SUBDEPT` int(11) ,
 `PERIODE_MULAI_SUBDEPT` date ,
 `PERIODE_AKHIR_SUBDEPT` date ,
 `ID_DEPT` int(11) ,
 `NAMA_SUBDEPT` varchar(50) 
)*/;

/*Table structure for table `subdept_dihapus_pure` */

DROP TABLE IF EXISTS `subdept_dihapus_pure`;

/*!50001 DROP VIEW IF EXISTS `subdept_dihapus_pure` */;
/*!50001 DROP TABLE IF EXISTS `subdept_dihapus_pure` */;

/*!50001 CREATE TABLE  `subdept_dihapus_pure`(
 `ID_SUBDEPT` int(11) ,
 `NAMA_SUBDEPT` varchar(50) ,
 `ID_DEPT` int(11) 
)*/;

/*Table structure for table `subdept_dihapus_row` */

DROP TABLE IF EXISTS `subdept_dihapus_row`;

/*!50001 DROP VIEW IF EXISTS `subdept_dihapus_row` */;
/*!50001 DROP TABLE IF EXISTS `subdept_dihapus_row` */;

/*!50001 CREATE TABLE  `subdept_dihapus_row`(
 `ID_SUBDEPT` int(11) ,
 `NAMA_SUBDEPT` varchar(50) ,
 `ID_DEPT` int(11) ,
 `NAMA_DEPT` varchar(50) ,
 `ID_PER` int(11) ,
 `AKTIF_DEPT` bigint(20) ,
 `JUMLAH_KAR` bigint(21) 
)*/;

/*Table structure for table `tkh_aktif` */

DROP TABLE IF EXISTS `tkh_aktif`;

/*!50001 DROP VIEW IF EXISTS `tkh_aktif` */;
/*!50001 DROP TABLE IF EXISTS `tkh_aktif` */;

/*!50001 CREATE TABLE  `tkh_aktif`(
 `ID_TKH` int(11) ,
 `NAMA_TKH` varchar(50) ,
 `NILAI_TKH` int(11) 
)*/;

/*Table structure for table `tkh_aktif_per_jabatan_count` */

DROP TABLE IF EXISTS `tkh_aktif_per_jabatan_count`;

/*!50001 DROP VIEW IF EXISTS `tkh_aktif_per_jabatan_count` */;
/*!50001 DROP TABLE IF EXISTS `tkh_aktif_per_jabatan_count` */;

/*!50001 CREATE TABLE  `tkh_aktif_per_jabatan_count`(
 `ID_JABATAN` int(11) ,
 `JUMLAH_TKH` bigint(21) 
)*/;

/*Table structure for table `tkh_aktif_row` */

DROP TABLE IF EXISTS `tkh_aktif_row`;

/*!50001 DROP VIEW IF EXISTS `tkh_aktif_row` */;
/*!50001 DROP TABLE IF EXISTS `tkh_aktif_row` */;

/*!50001 CREATE TABLE  `tkh_aktif_row`(
 `ID_TKH` int(11) ,
 `NAMA_TKH` varchar(50) ,
 `NILAI_TKH` int(11) ,
 `JUMLAH_JABATAN` bigint(21) ,
 `JUMLAH_KAR` decimal(42,0) 
)*/;

/*Table structure for table `tkh_aktif_row_jabatan` */

DROP TABLE IF EXISTS `tkh_aktif_row_jabatan`;

/*!50001 DROP VIEW IF EXISTS `tkh_aktif_row_jabatan` */;
/*!50001 DROP TABLE IF EXISTS `tkh_aktif_row_jabatan` */;

/*!50001 CREATE TABLE  `tkh_aktif_row_jabatan`(
 `ID_JABATAN` int(11) ,
 `ID_TKH` int(11) ,
 `NAMA_TKH` varchar(50) ,
 `NILAI_TKH` int(11) ,
 `JUMLAH_KAR` bigint(21) 
)*/;

/*Table structure for table `tkh_dihapus` */

DROP TABLE IF EXISTS `tkh_dihapus`;

/*!50001 DROP VIEW IF EXISTS `tkh_dihapus` */;
/*!50001 DROP TABLE IF EXISTS `tkh_dihapus` */;

/*!50001 CREATE TABLE  `tkh_dihapus`(
 `ID_TKH` int(11) ,
 `NAMA_TKH` varchar(50) ,
 `NILAI_TKH` int(11) 
)*/;

/*Table structure for table `tkh_dihapus_lite` */

DROP TABLE IF EXISTS `tkh_dihapus_lite`;

/*!50001 DROP VIEW IF EXISTS `tkh_dihapus_lite` */;
/*!50001 DROP TABLE IF EXISTS `tkh_dihapus_lite` */;

/*!50001 CREATE TABLE  `tkh_dihapus_lite`(
 `ID_TKH` int(11) ,
 `PERIODE_MULAI_TKH` date ,
 `PERIODE_AKHIR_TKH` date ,
 `NAMA_TKH` varchar(50) ,
 `NILAI_TKH` int(11) 
)*/;

/*Table structure for table `tkh_dihapus_row` */

DROP TABLE IF EXISTS `tkh_dihapus_row`;

/*!50001 DROP VIEW IF EXISTS `tkh_dihapus_row` */;
/*!50001 DROP TABLE IF EXISTS `tkh_dihapus_row` */;

/*!50001 CREATE TABLE  `tkh_dihapus_row`(
 `ID_TKH` int(11) ,
 `NAMA_TKH` varchar(50) ,
 `NILAI_TKH` int(11) ,
 `JUMLAH_JABATAN` bigint(21) ,
 `JUMLAH_KAR` decimal(42,0) 
)*/;

/*Table structure for table `tkh_dihapus_row_jabatan` */

DROP TABLE IF EXISTS `tkh_dihapus_row_jabatan`;

/*!50001 DROP VIEW IF EXISTS `tkh_dihapus_row_jabatan` */;
/*!50001 DROP TABLE IF EXISTS `tkh_dihapus_row_jabatan` */;

/*!50001 CREATE TABLE  `tkh_dihapus_row_jabatan`(
 `ID_JABATAN` int(11) ,
 `ID_TKH` int(11) ,
 `NAMA_TKH` varchar(50) ,
 `NILAI_TKH` int(11) ,
 `JUMLAH_KAR` bigint(21) 
)*/;

/*Table structure for table `tkhj_aktif` */

DROP TABLE IF EXISTS `tkhj_aktif`;

/*!50001 DROP VIEW IF EXISTS `tkhj_aktif` */;
/*!50001 DROP TABLE IF EXISTS `tkhj_aktif` */;

/*!50001 CREATE TABLE  `tkhj_aktif`(
 `ID_TKH` int(11) ,
 `ID_JABATAN` int(11) 
)*/;

/*Table structure for table `tkhj_aktif_row` */

DROP TABLE IF EXISTS `tkhj_aktif_row`;

/*!50001 DROP VIEW IF EXISTS `tkhj_aktif_row` */;
/*!50001 DROP TABLE IF EXISTS `tkhj_aktif_row` */;

/*!50001 CREATE TABLE  `tkhj_aktif_row`(
 `ID_JABATAN` int(11) ,
 `ID_TKH` int(11) ,
 `NAMA_TKH` varchar(50) ,
 `NILAI_TKH` int(11) 
)*/;

/*Table structure for table `tkhj_dihapus` */

DROP TABLE IF EXISTS `tkhj_dihapus`;

/*!50001 DROP VIEW IF EXISTS `tkhj_dihapus` */;
/*!50001 DROP TABLE IF EXISTS `tkhj_dihapus` */;

/*!50001 CREATE TABLE  `tkhj_dihapus`(
 `ID_TKH` int(11) ,
 `ID_JABATAN` int(11) 
)*/;

/*Table structure for table `tkhj_dihapus_lite` */

DROP TABLE IF EXISTS `tkhj_dihapus_lite`;

/*!50001 DROP VIEW IF EXISTS `tkhj_dihapus_lite` */;
/*!50001 DROP TABLE IF EXISTS `tkhj_dihapus_lite` */;

/*!50001 CREATE TABLE  `tkhj_dihapus_lite`(
 `ID_JABATAN` int(11) ,
 `PERIODE_MULAI_TKHJ` date ,
 `PERIODE_AKHIR_TKHJ` date ,
 `ID_TKH` int(11) 
)*/;

/*Table structure for table `tkhj_dihapus_row` */

DROP TABLE IF EXISTS `tkhj_dihapus_row`;

/*!50001 DROP VIEW IF EXISTS `tkhj_dihapus_row` */;
/*!50001 DROP TABLE IF EXISTS `tkhj_dihapus_row` */;

/*!50001 CREATE TABLE  `tkhj_dihapus_row`(
 `ID_JABATAN` int(11) ,
 `ID_TKH` int(11) ,
 `NAMA_TKH` varchar(50) ,
 `NILAI_TKH` int(11) 
)*/;

/*Table structure for table `tki_all` */

DROP TABLE IF EXISTS `tki_all`;

/*!50001 DROP VIEW IF EXISTS `tki_all` */;
/*!50001 DROP TABLE IF EXISTS `tki_all` */;

/*!50001 CREATE TABLE  `tki_all`(
 `ID_JOB` int(11) ,
 `KINERJA` char(1) ,
 `NILAI_TKI` int(11) 
)*/;

/*Table structure for table `tki_coalesce` */

DROP TABLE IF EXISTS `tki_coalesce`;

/*!50001 DROP VIEW IF EXISTS `tki_coalesce` */;
/*!50001 DROP TABLE IF EXISTS `tki_coalesce` */;

/*!50001 CREATE TABLE  `tki_coalesce`(
 `ID_JOB` int(11) ,
 `KINERJA` char(1) ,
 `NILAI_TKI` bigint(11) 
)*/;

/*Table structure for table `tmk_aktif` */

DROP TABLE IF EXISTS `tmk_aktif`;

/*!50001 DROP VIEW IF EXISTS `tmk_aktif` */;
/*!50001 DROP TABLE IF EXISTS `tmk_aktif` */;

/*!50001 CREATE TABLE  `tmk_aktif`(
 `ID_TMK` int(11) ,
 `ID_JOB` int(11) ,
 `BATAS_BAWAH_TMK` smallint(6) ,
 `BATAS_ATAS_TMK` smallint(6) ,
 `NILAI_TMK` int(11) 
)*/;

/*Table structure for table `ul_aktif` */

DROP TABLE IF EXISTS `ul_aktif`;

/*!50001 DROP VIEW IF EXISTS `ul_aktif` */;
/*!50001 DROP TABLE IF EXISTS `ul_aktif` */;

/*!50001 CREATE TABLE  `ul_aktif`(
 `ID_JOB` int(11) ,
 `JAM_LEMBUR` int(11) ,
 `UPAH_LEMBUR` int(11) 
)*/;

/*Table structure for table `ul_all_aktif` */

DROP TABLE IF EXISTS `ul_all_aktif`;

/*!50001 DROP VIEW IF EXISTS `ul_all_aktif` */;
/*!50001 DROP TABLE IF EXISTS `ul_all_aktif` */;

/*!50001 CREATE TABLE  `ul_all_aktif`(
 `ID_JOB` int(11) ,
 `JAM_LEMBUR` int(11) ,
 `UPAH_LEMBUR` int(11) 
)*/;

/*Table structure for table `user_aktif` */

DROP TABLE IF EXISTS `user_aktif`;

/*!50001 DROP VIEW IF EXISTS `user_aktif` */;
/*!50001 DROP TABLE IF EXISTS `user_aktif` */;

/*!50001 CREATE TABLE  `user_aktif`(
 `ID_USER` int(11) ,
 `USERNAME` varchar(16) ,
 `NAMA_USER` varchar(50) ,
 `EMAIL_USER` varchar(50) ,
 `PASSWORD_USER` char(32) ,
 `ID_PU` int(11) ,
 `NAMA_PU` varchar(25) 
)*/;

/*View structure for view dept_aktif */

/*!50001 DROP TABLE IF EXISTS `dept_aktif` */;
/*!50001 DROP VIEW IF EXISTS `dept_aktif` */;

/*!50001 CREATE ALGORITHM=UNDEFINED DEFINER=`root`@`localhost` SQL SECURITY DEFINER VIEW `dept_aktif` AS (select `rd`.`ID_DEPT` AS `ID_DEPT`,`rd`.`NAMA_DEPT` AS `NAMA_DEPT`,`rd`.`ID_PER` AS `ID_PER` from `riwayat_dept` `rd` where ((`rd`.`PERIODE_MULAI_DEPT` <= `periode`()) and ((`periode`() < `rd`.`PERIODE_AKHIR_DEPT`) or isnull(`rd`.`PERIODE_AKHIR_DEPT`)) and ((`rd`.`ID_PER` = `id_per`()) or isnull(`id_per`()))) order by `rd`.`ID_DEPT`) */;

/*View structure for view dept_aktif_row */

/*!50001 DROP TABLE IF EXISTS `dept_aktif_row` */;
/*!50001 DROP VIEW IF EXISTS `dept_aktif_row` */;

/*!50001 CREATE ALGORITHM=UNDEFINED DEFINER=`root`@`localhost` SQL SECURITY DEFINER VIEW `dept_aktif_row` AS (select `rd`.`ID_DEPT` AS `ID_DEPT`,`rd`.`NAMA_DEPT` AS `NAMA_DEPT`,`rd`.`ID_PER` AS `ID_PER`,coalesce(`cd`.`JUMLAH_SUBDEPT`,0) AS `JUMLAH_SUBDEPT`,coalesce(`cd`.`JUMLAH_KAR`,0) AS `JUMLAH_KAR` from (`dept_aktif` `rd` left join `subdept_aktif_per_dept_count` `cd` on((`rd`.`ID_DEPT` = `cd`.`ID_DEPT`))) order by `rd`.`ID_DEPT`) */;

/*View structure for view dept_all */

/*!50001 DROP TABLE IF EXISTS `dept_all` */;
/*!50001 DROP VIEW IF EXISTS `dept_all` */;

/*!50001 CREATE ALGORITHM=UNDEFINED DEFINER=`root`@`localhost` SQL SECURITY DEFINER VIEW `dept_all` AS select `dept_aktif`.`ID_DEPT` AS `ID_DEPT`,`dept_aktif`.`NAMA_DEPT` AS `NAMA_DEPT`,`dept_aktif`.`ID_PER` AS `ID_PER`,1 AS `AKTIF_DEPT` from `dept_aktif` union select `dept_dihapus`.`ID_DEPT` AS `ID_DEPT`,`dept_dihapus`.`NAMA_DEPT` AS `NAMA_DEPT`,`dept_dihapus`.`ID_PER` AS `ID_PER`,0 AS `AKTIF_DEPT` from `dept_dihapus` */;

/*View structure for view dept_dihapus */

/*!50001 DROP TABLE IF EXISTS `dept_dihapus` */;
/*!50001 DROP VIEW IF EXISTS `dept_dihapus` */;

/*!50001 CREATE ALGORITHM=UNDEFINED DEFINER=`root`@`localhost` SQL SECURITY DEFINER VIEW `dept_dihapus` AS (select `rd1`.`ID_DEPT` AS `ID_DEPT`,`rd1`.`NAMA_DEPT` AS `NAMA_DEPT`,`rd1`.`ID_PER` AS `ID_PER` from (`dept_dihapus_lite` `rd1` left join `riwayat_dept` `rd2` on(((`rd1`.`ID_DEPT` = `rd2`.`ID_DEPT`) and (`rd1`.`PERIODE_MULAI_DEPT` <> `rd2`.`PERIODE_MULAI_DEPT`) and (`rd1`.`PERIODE_AKHIR_DEPT` <= `rd2`.`PERIODE_MULAI_DEPT`)))) where isnull(`rd2`.`PERIODE_MULAI_DEPT`) order by `rd1`.`ID_DEPT`) */;

/*View structure for view dept_dihapus_lite */

/*!50001 DROP TABLE IF EXISTS `dept_dihapus_lite` */;
/*!50001 DROP VIEW IF EXISTS `dept_dihapus_lite` */;

/*!50001 CREATE ALGORITHM=UNDEFINED DEFINER=`root`@`localhost` SQL SECURITY DEFINER VIEW `dept_dihapus_lite` AS (select `rd0`.`ID_DEPT` AS `ID_DEPT`,`rd0`.`NAMA_DEPT` AS `NAMA_DEPT`,`rd0`.`ID_PER` AS `ID_PER`,`rd0`.`PERIODE_MULAI_DEPT` AS `PERIODE_MULAI_DEPT`,`rd0`.`PERIODE_AKHIR_DEPT` AS `PERIODE_AKHIR_DEPT` from `riwayat_dept` `rd0` where ((not(`rd0`.`ID_DEPT` in (select `dept_aktif`.`ID_DEPT` from `dept_aktif`))) and ((`rd0`.`ID_PER` = `id_per`()) or isnull(`id_per`())))) */;

/*View structure for view dept_dihapus_row */

/*!50001 DROP TABLE IF EXISTS `dept_dihapus_row` */;
/*!50001 DROP VIEW IF EXISTS `dept_dihapus_row` */;

/*!50001 CREATE ALGORITHM=UNDEFINED DEFINER=`root`@`localhost` SQL SECURITY DEFINER VIEW `dept_dihapus_row` AS (select `rd1`.`ID_DEPT` AS `ID_DEPT`,`rd1`.`ID_PER` AS `ID_PER`,`rd1`.`NAMA_DEPT` AS `NAMA_DEPT`,coalesce(`cd`.`JUMLAH_SUBDEPT`,0) AS `JUMLAH_SUBDEPT`,coalesce(`cd`.`JUMLAH_KAR`,0) AS `JUMLAH_KAR` from (`dept_dihapus` `rd1` left join `subdept_aktif_per_dept_count` `cd` on((`rd1`.`ID_DEPT` = `cd`.`ID_DEPT`))) order by `rd1`.`ID_DEPT`) */;

/*View structure for view gaji_aktif */

/*!50001 DROP TABLE IF EXISTS `gaji_aktif` */;
/*!50001 DROP VIEW IF EXISTS `gaji_aktif` */;

/*!50001 CREATE ALGORITHM=UNDEFINED DEFINER=`root`@`localhost` SQL SECURITY DEFINER VIEW `gaji_aktif` AS (select `g`.`ID_KAR` AS `ID_KAR`,`g`.`KINERJA` AS `KINERJA`,`g`.`GAJI_LAIN` AS `GAJI_LAIN`,`g`.`PPH21` AS `PPH21` from `gaji` `g` where (`g`.`PERIODE` = `periode`())) */;

/*View structure for view gaji_nonaktif */

/*!50001 DROP TABLE IF EXISTS `gaji_nonaktif` */;
/*!50001 DROP VIEW IF EXISTS `gaji_nonaktif` */;

/*!50001 CREATE ALGORITHM=UNDEFINED DEFINER=`root`@`localhost` SQL SECURITY DEFINER VIEW `gaji_nonaktif` AS (select `g`.`PERIODE` AS `PERIODE`,`g`.`ID_KAR` AS `ID_KAR`,`g`.`KINERJA` AS `KINERJA`,`g`.`GAJI_LAIN` AS `GAJI_LAIN`,`g`.`PPH21` AS `PPH21` from `gaji` `g` where (`g`.`PERIODE` < `periode`())) */;

/*View structure for view gaji_terakhir */

/*!50001 DROP TABLE IF EXISTS `gaji_terakhir` */;
/*!50001 DROP VIEW IF EXISTS `gaji_terakhir` */;

/*!50001 CREATE ALGORITHM=UNDEFINED DEFINER=`root`@`localhost` SQL SECURITY DEFINER VIEW `gaji_terakhir` AS (select `g1`.`ID_KAR` AS `ID_KAR`,`g1`.`KINERJA` AS `KINERJA`,`g1`.`GAJI_LAIN` AS `GAJI_LAIN`,`g1`.`PPH21` AS `PPH21` from (`gaji_nonaktif` `g1` left join `gaji_nonaktif` `g2` on(((`g1`.`ID_KAR` = `g2`.`ID_KAR`) and (`g1`.`PERIODE` < `g2`.`PERIODE`)))) where isnull(`g2`.`PERIODE`)) */;

/*View structure for view jabatan_aktif */

/*!50001 DROP TABLE IF EXISTS `jabatan_aktif` */;
/*!50001 DROP VIEW IF EXISTS `jabatan_aktif` */;

/*!50001 CREATE ALGORITHM=UNDEFINED DEFINER=`root`@`localhost` SQL SECURITY DEFINER VIEW `jabatan_aktif` AS (select `rj`.`ID_JABATAN` AS `ID_JABATAN`,`rj`.`NAMA_JABATAN` AS `NAMA_JABATAN`,`rjl`.`ID_JOB` AS `ID_JOB`,`rjl`.`NAMA_JOB` AS `NAMA_JOB` from (`job_aktif` `rjl` join `jabatan_aktif_pure` `rj`) where (`rj`.`ID_JOB` = `rjl`.`ID_JOB`) order by `rj`.`ID_JABATAN`) */;

/*View structure for view jabatan_aktif_per_job_count */

/*!50001 DROP TABLE IF EXISTS `jabatan_aktif_per_job_count` */;
/*!50001 DROP VIEW IF EXISTS `jabatan_aktif_per_job_count` */;

/*!50001 CREATE ALGORITHM=UNDEFINED DEFINER=`root`@`localhost` SQL SECURITY DEFINER VIEW `jabatan_aktif_per_job_count` AS (select `rj`.`ID_JOB` AS `ID_JOB`,count(0) AS `JUMLAH_JABATAN`,sum(`ck`.`JUMLAH_KAR`) AS `JUMLAH_KAR` from (`riwayat_jabatan` `rj` left join `kar_aktif_per_jabatan_count` `ck` on((`rj`.`ID_JABATAN` = `ck`.`ID_JABATAN`))) where ((`rj`.`PERIODE_MULAI_JABATAN` <= `periode`()) and ((`periode`() < `rj`.`PERIODE_AKHIR_JABATAN`) or isnull(`rj`.`PERIODE_AKHIR_JABATAN`))) group by `rj`.`ID_JOB`) */;

/*View structure for view jabatan_aktif_per_tkh_count */

/*!50001 DROP TABLE IF EXISTS `jabatan_aktif_per_tkh_count` */;
/*!50001 DROP VIEW IF EXISTS `jabatan_aktif_per_tkh_count` */;

/*!50001 CREATE ALGORITHM=UNDEFINED DEFINER=`root`@`localhost` SQL SECURITY DEFINER VIEW `jabatan_aktif_per_tkh_count` AS (select `tkhj`.`ID_TKH` AS `ID_TKH`,count(0) AS `JUMLAH_JABATAN`,sum(`ck`.`JUMLAH_KAR`) AS `JUMLAH_KAR` from ((`tkh_jabatan` `tkhj` join `jabatan_aktif_pure` `rj` on((`tkhj`.`ID_JABATAN` = `rj`.`ID_JABATAN`))) left join `kar_aktif_per_jabatan_count` `ck` on((`tkhj`.`ID_JABATAN` = `ck`.`ID_JABATAN`))) where ((`tkhj`.`PERIODE_MULAI_TKHJ` <= `periode`()) and ((`periode`() < `tkhj`.`PERIODE_AKHIR_TKHJ`) or isnull(`tkhj`.`PERIODE_AKHIR_TKHJ`))) group by `tkhj`.`ID_TKH`) */;

/*View structure for view jabatan_aktif_pure */

/*!50001 DROP TABLE IF EXISTS `jabatan_aktif_pure` */;
/*!50001 DROP VIEW IF EXISTS `jabatan_aktif_pure` */;

/*!50001 CREATE ALGORITHM=UNDEFINED DEFINER=`root`@`localhost` SQL SECURITY DEFINER VIEW `jabatan_aktif_pure` AS (select `rj`.`ID_JABATAN` AS `ID_JABATAN`,`rj`.`NAMA_JABATAN` AS `NAMA_JABATAN`,`rj`.`ID_JOB` AS `ID_JOB` from `riwayat_jabatan` `rj` where ((`rj`.`PERIODE_MULAI_JABATAN` <= `periode`()) and ((`periode`() < `rj`.`PERIODE_AKHIR_JABATAN`) or isnull(`rj`.`PERIODE_AKHIR_JABATAN`))) order by `rj`.`ID_JABATAN`) */;

/*View structure for view jabatan_aktif_row */

/*!50001 DROP TABLE IF EXISTS `jabatan_aktif_row` */;
/*!50001 DROP VIEW IF EXISTS `jabatan_aktif_row` */;

/*!50001 CREATE ALGORITHM=UNDEFINED DEFINER=`root`@`localhost` SQL SECURITY DEFINER VIEW `jabatan_aktif_row` AS (select `rj`.`ID_JABATAN` AS `ID_JABATAN`,`rj`.`NAMA_JABATAN` AS `NAMA_JABATAN`,`rj`.`ID_JOB` AS `ID_JOB`,`rj`.`NAMA_JOB` AS `NAMA_JOB`,coalesce(`ck`.`JUMLAH_KAR`,0) AS `JUMLAH_KAR` from (`jabatan_aktif` `rj` left join `kar_aktif_per_jabatan_count` `ck` on((`rj`.`ID_JABATAN` = `ck`.`ID_JABATAN`))) order by `rj`.`ID_JABATAN`) */;

/*View structure for view jabatan_aktif_row_tkh */

/*!50001 DROP TABLE IF EXISTS `jabatan_aktif_row_tkh` */;
/*!50001 DROP VIEW IF EXISTS `jabatan_aktif_row_tkh` */;

/*!50001 CREATE ALGORITHM=UNDEFINED DEFINER=`root`@`localhost` SQL SECURITY DEFINER VIEW `jabatan_aktif_row_tkh` AS (select `rj`.`ID_JABATAN` AS `ID_JABATAN`,`rj`.`NAMA_JABATAN` AS `NAMA_JABATAN`,`rj`.`ID_JOB` AS `ID_JOB`,`rj`.`NAMA_JOB` AS `NAMA_JOB`,coalesce(`ctkh`.`JUMLAH_TKH`,0) AS `JUMLAH_TKH`,`rj`.`JUMLAH_KAR` AS `JUMLAH_KAR` from (`jabatan_aktif_row` `rj` left join `tkh_aktif_per_jabatan_count` `ctkh` on((`rj`.`ID_JABATAN` = `ctkh`.`ID_JABATAN`))) order by `rj`.`ID_JABATAN`) */;

/*View structure for view jabatan_all */

/*!50001 DROP TABLE IF EXISTS `jabatan_all` */;
/*!50001 DROP VIEW IF EXISTS `jabatan_all` */;

/*!50001 CREATE ALGORITHM=UNDEFINED DEFINER=`root`@`localhost` SQL SECURITY DEFINER VIEW `jabatan_all` AS select `jabatan_aktif`.`ID_JABATAN` AS `ID_JABATAN`,`jabatan_aktif`.`NAMA_JABATAN` AS `NAMA_JABATAN`,`jabatan_aktif`.`ID_JOB` AS `ID_JOB`,`jabatan_aktif`.`NAMA_JOB` AS `NAMA_JOB`,1 AS `AKTIF_JABATAN`,1 AS `AKTIF_JOB` from `jabatan_aktif` union select `jabatan_dihapus`.`ID_JABATAN` AS `ID_JABATAN`,`jabatan_dihapus`.`NAMA_JABATAN` AS `NAMA_JABATAN`,`jabatan_dihapus`.`ID_JOB` AS `ID_JOB`,`jabatan_dihapus`.`NAMA_JOB` AS `NAMA_JOB`,0 AS `AKTIF_JABATAN`,`jabatan_dihapus`.`AKTIF_JOB` AS `AKTIF_JOB` from `jabatan_dihapus` */;

/*View structure for view jabatan_dihapus */

/*!50001 DROP TABLE IF EXISTS `jabatan_dihapus` */;
/*!50001 DROP VIEW IF EXISTS `jabatan_dihapus` */;

/*!50001 CREATE ALGORITHM=UNDEFINED DEFINER=`root`@`localhost` SQL SECURITY DEFINER VIEW `jabatan_dihapus` AS (select `rj1`.`ID_JABATAN` AS `ID_JABATAN`,`rj1`.`NAMA_JABATAN` AS `NAMA_JABATAN`,`rjl`.`ID_JOB` AS `ID_JOB`,`rjl`.`NAMA_JOB` AS `NAMA_JOB`,`rjl`.`AKTIF_JOB` AS `AKTIF_JOB` from (`jabatan_dihapus_pure` `rj1` join `job_all` `rjl`) where (`rj1`.`ID_JOB` = `rjl`.`ID_JOB`) order by `rj1`.`ID_JABATAN`) */;

/*View structure for view jabatan_dihapus_lite */

/*!50001 DROP TABLE IF EXISTS `jabatan_dihapus_lite` */;
/*!50001 DROP VIEW IF EXISTS `jabatan_dihapus_lite` */;

/*!50001 CREATE ALGORITHM=UNDEFINED DEFINER=`root`@`localhost` SQL SECURITY DEFINER VIEW `jabatan_dihapus_lite` AS (select `rj0`.`ID_JABATAN` AS `ID_JABATAN`,`rj0`.`PERIODE_MULAI_JABATAN` AS `PERIODE_MULAI_JABATAN`,`rj0`.`PERIODE_AKHIR_JABATAN` AS `PERIODE_AKHIR_JABATAN`,`rj0`.`ID_JOB` AS `ID_JOB`,`rj0`.`NAMA_JABATAN` AS `NAMA_JABATAN` from `riwayat_jabatan` `rj0` where (not(`rj0`.`ID_JABATAN` in (select `jabatan_aktif`.`ID_JABATAN` from `jabatan_aktif`)))) */;

/*View structure for view jabatan_dihapus_pure */

/*!50001 DROP TABLE IF EXISTS `jabatan_dihapus_pure` */;
/*!50001 DROP VIEW IF EXISTS `jabatan_dihapus_pure` */;

/*!50001 CREATE ALGORITHM=UNDEFINED DEFINER=`root`@`localhost` SQL SECURITY DEFINER VIEW `jabatan_dihapus_pure` AS (select `rj1`.`ID_JABATAN` AS `ID_JABATAN`,`rj1`.`NAMA_JABATAN` AS `NAMA_JABATAN`,`rj1`.`ID_JOB` AS `ID_JOB` from (`jabatan_dihapus_lite` `rj1` left join `riwayat_jabatan` `rj2` on(((`rj1`.`ID_JABATAN` = `rj2`.`ID_JABATAN`) and (`rj1`.`PERIODE_MULAI_JABATAN` <> `rj2`.`PERIODE_MULAI_JABATAN`) and (`rj1`.`PERIODE_AKHIR_JABATAN` <= `rj2`.`PERIODE_MULAI_JABATAN`)))) where isnull(`rj2`.`PERIODE_MULAI_JABATAN`)) */;

/*View structure for view jabatan_dihapus_row */

/*!50001 DROP TABLE IF EXISTS `jabatan_dihapus_row` */;
/*!50001 DROP VIEW IF EXISTS `jabatan_dihapus_row` */;

/*!50001 CREATE ALGORITHM=UNDEFINED DEFINER=`root`@`localhost` SQL SECURITY DEFINER VIEW `jabatan_dihapus_row` AS (select `rj1`.`ID_JABATAN` AS `ID_JABATAN`,`rj1`.`NAMA_JABATAN` AS `NAMA_JABATAN`,`rj1`.`ID_JOB` AS `ID_JOB`,`rj1`.`NAMA_JOB` AS `NAMA_JOB`,`rj1`.`AKTIF_JOB` AS `AKTIF_JOB`,coalesce(`ck`.`JUMLAH_KAR`,0) AS `JUMLAH_KAR` from (`jabatan_dihapus` `rj1` left join `kar_aktif_per_jabatan_count` `ck` on((`rj1`.`ID_JABATAN` = `ck`.`ID_JABATAN`))) order by `rj1`.`ID_JABATAN`) */;

/*View structure for view job_aktif */

/*!50001 DROP TABLE IF EXISTS `job_aktif` */;
/*!50001 DROP VIEW IF EXISTS `job_aktif` */;

/*!50001 CREATE ALGORITHM=UNDEFINED DEFINER=`root`@`localhost` SQL SECURITY DEFINER VIEW `job_aktif` AS (select `rjl`.`ID_JOB` AS `ID_JOB`,`rjl`.`NAMA_JOB` AS `NAMA_JOB` from `riwayat_job` `rjl` where ((`rjl`.`PERIODE_MULAI_JOB` <= `periode`()) and ((`periode`() < `rjl`.`PERIODE_AKHIR_JOB`) or isnull(`rjl`.`PERIODE_AKHIR_JOB`))) order by `rjl`.`ID_JOB`) */;

/*View structure for view job_aktif_row */

/*!50001 DROP TABLE IF EXISTS `job_aktif_row` */;
/*!50001 DROP VIEW IF EXISTS `job_aktif_row` */;

/*!50001 CREATE ALGORITHM=UNDEFINED DEFINER=`root`@`localhost` SQL SECURITY DEFINER VIEW `job_aktif_row` AS (select `rjl`.`ID_JOB` AS `ID_JOB`,`rjl`.`NAMA_JOB` AS `NAMA_JOB`,coalesce(`cjl`.`JUMLAH_JABATAN`,0) AS `JUMLAH_JABATAN`,coalesce(`cjl`.`JUMLAH_KAR`,0) AS `JUMLAH_KAR` from (`job_aktif` `rjl` left join `jabatan_aktif_per_job_count` `cjl` on((`rjl`.`ID_JOB` = `cjl`.`ID_JOB`))) order by `rjl`.`ID_JOB`) */;

/*View structure for view job_all */

/*!50001 DROP TABLE IF EXISTS `job_all` */;
/*!50001 DROP VIEW IF EXISTS `job_all` */;

/*!50001 CREATE ALGORITHM=UNDEFINED DEFINER=`root`@`localhost` SQL SECURITY DEFINER VIEW `job_all` AS select `job_aktif`.`ID_JOB` AS `ID_JOB`,`job_aktif`.`NAMA_JOB` AS `NAMA_JOB`,1 AS `AKTIF_JOB` from `job_aktif` union select `job_dihapus`.`ID_JOB` AS `ID_JOB`,`job_dihapus`.`NAMA_JOB` AS `NAMA_JOB`,0 AS `AKTIF_JOB` from `job_dihapus` */;

/*View structure for view job_dihapus */

/*!50001 DROP TABLE IF EXISTS `job_dihapus` */;
/*!50001 DROP VIEW IF EXISTS `job_dihapus` */;

/*!50001 CREATE ALGORITHM=UNDEFINED DEFINER=`root`@`localhost` SQL SECURITY DEFINER VIEW `job_dihapus` AS (select `rjl1`.`ID_JOB` AS `ID_JOB`,`rjl1`.`NAMA_JOB` AS `NAMA_JOB` from `job_dihapus_pure` `rjl1`) */;

/*View structure for view job_dihapus_lite */

/*!50001 DROP TABLE IF EXISTS `job_dihapus_lite` */;
/*!50001 DROP VIEW IF EXISTS `job_dihapus_lite` */;

/*!50001 CREATE ALGORITHM=UNDEFINED DEFINER=`root`@`localhost` SQL SECURITY DEFINER VIEW `job_dihapus_lite` AS (select `rjl0`.`ID_JOB` AS `ID_JOB`,`rjl0`.`PERIODE_MULAI_JOB` AS `PERIODE_MULAI_JOB`,`rjl0`.`PERIODE_AKHIR_JOB` AS `PERIODE_AKHIR_JOB`,`rjl0`.`NAMA_JOB` AS `NAMA_JOB`,`rjl0`.`GAJI_POKOK` AS `GAJI_POKOK`,`rjl0`.`TUNJANGAN_JABATAN` AS `TUNJANGAN_JABATAN` from `riwayat_job` `rjl0` where (not(`rjl0`.`ID_JOB` in (select `job_aktif`.`ID_JOB` from `job_aktif`)))) */;

/*View structure for view job_dihapus_pure */

/*!50001 DROP TABLE IF EXISTS `job_dihapus_pure` */;
/*!50001 DROP VIEW IF EXISTS `job_dihapus_pure` */;

/*!50001 CREATE ALGORITHM=UNDEFINED DEFINER=`root`@`localhost` SQL SECURITY DEFINER VIEW `job_dihapus_pure` AS (select `rjl1`.`ID_JOB` AS `ID_JOB`,`rjl1`.`NAMA_JOB` AS `NAMA_JOB`,`rjl1`.`GAJI_POKOK` AS `GAJI_POKOK`,`rjl1`.`TUNJANGAN_JABATAN` AS `TUNJANGAN_JABATAN` from (`job_dihapus_lite` `rjl1` left join `riwayat_job` `rjl2` on(((`rjl1`.`ID_JOB` = `rjl2`.`ID_JOB`) and (`rjl1`.`PERIODE_MULAI_JOB` <> `rjl2`.`PERIODE_MULAI_JOB`) and (`rjl1`.`PERIODE_AKHIR_JOB` <= `rjl2`.`PERIODE_MULAI_JOB`)))) where isnull(`rjl2`.`PERIODE_MULAI_JOB`) order by `rjl1`.`ID_JOB`) */;

/*View structure for view job_dihapus_row */

/*!50001 DROP TABLE IF EXISTS `job_dihapus_row` */;
/*!50001 DROP VIEW IF EXISTS `job_dihapus_row` */;

/*!50001 CREATE ALGORITHM=UNDEFINED DEFINER=`root`@`localhost` SQL SECURITY DEFINER VIEW `job_dihapus_row` AS (select `rjl1`.`ID_JOB` AS `ID_JOB`,`rjl1`.`NAMA_JOB` AS `NAMA_JOB`,coalesce(`cj`.`JUMLAH_JABATAN`,0) AS `JUMLAH_JABATAN`,coalesce(`cj`.`JUMLAH_KAR`,0) AS `JUMLAH_KAR` from (`job_dihapus` `rjl1` left join `jabatan_aktif_per_job_count` `cj` on((`rjl1`.`ID_JOB` = `cj`.`ID_JOB`))) order by `rjl1`.`ID_JOB`) */;

/*View structure for view job_gaji_all */

/*!50001 DROP TABLE IF EXISTS `job_gaji_all` */;
/*!50001 DROP VIEW IF EXISTS `job_gaji_all` */;

/*!50001 CREATE ALGORITHM=UNDEFINED DEFINER=`root`@`localhost` SQL SECURITY DEFINER VIEW `job_gaji_all` AS (select `rjl`.`ID_JOB` AS `ID_JOB`,`rjl`.`NAMA_JOB` AS `NAMA_JOB`,`rjl`.`GAJI_POKOK` AS `GAJI_POKOK`,`rjl`.`TUNJANGAN_JABATAN` AS `TUNJANGAN_JABATAN` from `riwayat_job` `rjl` where ((`rjl`.`PERIODE_MULAI_JOB` <= `periode`()) and ((`periode`() < `rjl`.`PERIODE_AKHIR_JOB`) or isnull(`rjl`.`PERIODE_AKHIR_JOB`))) order by `rjl`.`ID_JOB`) */;

/*View structure for view job_gaji_baru */

/*!50001 DROP TABLE IF EXISTS `job_gaji_baru` */;
/*!50001 DROP VIEW IF EXISTS `job_gaji_baru` */;

/*!50001 CREATE ALGORITHM=UNDEFINED DEFINER=`root`@`localhost` SQL SECURITY DEFINER VIEW `job_gaji_baru` AS (select `rjl`.`ID_JOB` AS `ID_JOB`,`rjl`.`NAMA_JOB` AS `NAMA_JOB`,`rjl`.`GAJI_POKOK` AS `GAJI_POKOK`,`rjl`.`TUNJANGAN_JABATAN` AS `TUNJANGAN_JABATAN` from `job_gaji_all` `rjl` where (isnull(`rjl`.`GAJI_POKOK`) or exists(select 1 from `ul_aktif` `ul` where ((`ul`.`ID_JOB` = `rjl`.`ID_JOB`) and isnull(`ul`.`UPAH_LEMBUR`))) or exists(select 1 from `tmk_aktif` `tmk` where ((`tmk`.`ID_JOB` = `rjl`.`ID_JOB`) and isnull(`tmk`.`NILAI_TMK`))) or exists(select 1 from `tki_all` `tki` where ((`tki`.`ID_JOB` = `rjl`.`ID_JOB`) and isnull(`tki`.`NILAI_TKI`)))) order by `rjl`.`ID_JOB`) */;

/*View structure for view job_gaji_lama */

/*!50001 DROP TABLE IF EXISTS `job_gaji_lama` */;
/*!50001 DROP VIEW IF EXISTS `job_gaji_lama` */;

/*!50001 CREATE ALGORITHM=UNDEFINED DEFINER=`root`@`localhost` SQL SECURITY DEFINER VIEW `job_gaji_lama` AS (select `rjl`.`ID_JOB` AS `ID_JOB`,`rjl`.`NAMA_JOB` AS `NAMA_JOB`,`rjl`.`GAJI_POKOK` AS `GAJI_POKOK`,`rjl`.`TUNJANGAN_JABATAN` AS `TUNJANGAN_JABATAN` from `riwayat_job` `rjl` where ((`rjl`.`PERIODE_MULAI_JOB` < `periode`()) and ((`periode`() < `rjl`.`PERIODE_AKHIR_JOB`) or isnull(`rjl`.`PERIODE_AKHIR_JOB`)) and (`rjl`.`GAJI_POKOK` is not null) and (not(exists(select 1 from `ul_aktif` `ul` where ((`ul`.`ID_JOB` = `rjl`.`ID_JOB`) and isnull(`ul`.`UPAH_LEMBUR`))))) and (not(exists(select 1 from `tmk_aktif` `tmk` where ((`tmk`.`ID_JOB` = `rjl`.`ID_JOB`) and isnull(`tmk`.`NILAI_TMK`))))) and (not(exists(select 1 from `tki_all` `tki` where ((`tki`.`ID_JOB` = `rjl`.`ID_JOB`) and isnull(`tki`.`NILAI_TKI`))))))) */;

/*View structure for view job_gaji_sekarang */

/*!50001 DROP TABLE IF EXISTS `job_gaji_sekarang` */;
/*!50001 DROP VIEW IF EXISTS `job_gaji_sekarang` */;

/*!50001 CREATE ALGORITHM=UNDEFINED DEFINER=`root`@`localhost` SQL SECURITY DEFINER VIEW `job_gaji_sekarang` AS (select `rjl`.`ID_JOB` AS `ID_JOB`,`rjl`.`NAMA_JOB` AS `NAMA_JOB`,`rjl`.`GAJI_POKOK` AS `GAJI_POKOK`,`rjl`.`TUNJANGAN_JABATAN` AS `TUNJANGAN_JABATAN` from `job_gaji_all` `rjl` where ((`rjl`.`GAJI_POKOK` is not null) and (not(exists(select 1 from `ul_aktif` `ul` where ((`ul`.`ID_JOB` = `rjl`.`ID_JOB`) and isnull(`ul`.`UPAH_LEMBUR`))))) and (not(exists(select 1 from `tmk_aktif` `tmk` where ((`tmk`.`ID_JOB` = `rjl`.`ID_JOB`) and isnull(`tmk`.`NILAI_TMK`))))) and (not(exists(select 1 from `tki_all` `tki` where ((`tki`.`ID_JOB` = `rjl`.`ID_JOB`) and isnull(`tki`.`NILAI_TKI`)))))) order by `rjl`.`ID_JOB`) */;

/*View structure for view kar_aktif */

/*!50001 DROP TABLE IF EXISTS `kar_aktif` */;
/*!50001 DROP VIEW IF EXISTS `kar_aktif` */;

/*!50001 CREATE ALGORITHM=UNDEFINED DEFINER=`root`@`localhost` SQL SECURITY DEFINER VIEW `kar_aktif` AS (select `rk`.`ID_KAR` AS `ID_KAR`,`rk`.`NIK` AS `NIK`,`rk`.`NAMA_KAR` AS `NAMA_KAR`,`rj`.`ID_JABATAN` AS `ID_JABATAN`,`rj`.`NAMA_JABATAN` AS `NAMA_JABATAN`,`rj`.`ID_JOB` AS `ID_JOB`,`rj`.`NAMA_JOB` AS `NAMA_JOB`,`rs`.`ID_SUBDEPT` AS `ID_SUBDEPT`,`rs`.`NAMA_SUBDEPT` AS `NAMA_SUBDEPT`,`rs`.`ID_DEPT` AS `ID_DEPT`,`rs`.`NAMA_DEPT` AS `NAMA_DEPT`,`rk`.`TANGGAL_MASUK` AS `TANGGAL_MASUK` from ((`kar_aktif_pure` `rk` join `jabatan_aktif` `rj`) join `subdept_aktif` `rs`) where ((`rk`.`ID_JABATAN` = `rj`.`ID_JABATAN`) and (`rk`.`ID_SUBDEPT` = `rs`.`ID_SUBDEPT`)) order by `rk`.`ID_KAR`) */;

/*View structure for view kar_aktif_full */

/*!50001 DROP TABLE IF EXISTS `kar_aktif_full` */;
/*!50001 DROP VIEW IF EXISTS `kar_aktif_full` */;

/*!50001 CREATE ALGORITHM=UNDEFINED DEFINER=`root`@`localhost` SQL SECURITY DEFINER VIEW `kar_aktif_full` AS (select `rk`.`ID_KAR` AS `ID_KAR`,`rk`.`NIK` AS `NIK`,`rk`.`NAMA_KAR` AS `NAMA_KAR`,`rj`.`ID_JABATAN` AS `ID_JABATAN`,`rj`.`NAMA_JABATAN` AS `NAMA_JABATAN`,`rj`.`ID_JOB` AS `ID_JOB`,`rj`.`NAMA_JOB` AS `NAMA_JOB`,`rs`.`ID_SUBDEPT` AS `ID_SUBDEPT`,`rs`.`NAMA_SUBDEPT` AS `NAMA_SUBDEPT`,`rs`.`ID_DEPT` AS `ID_DEPT`,`rs`.`NAMA_DEPT` AS `NAMA_DEPT`,`rk`.`TANGGAL_MASUK` AS `TANGGAL_MASUK`,`sk`.`ID_SKA` AS `ID_SKA`,`sk`.`NAMA_SKA` AS `NAMA_SKA`,`rk`.`ALAMAT_KAR` AS `ALAMAT_KAR`,`rk`.`NO_KTP_KAR` AS `NO_KTP_KAR`,`rk`.`TELEPON_KAR` AS `TELEPON_KAR`,`rk`.`EMAIL_KAR` AS `EMAIL_KAR`,`rk`.`TEMPAT_LAHIR_KAR` AS `TEMPAT_LAHIR_KAR`,`rk`.`TANGGAL_LAHIR_KAR` AS `TANGGAL_LAHIR_KAR`,`a`.`ID_AGAMA` AS `ID_AGAMA`,`a`.`NAMA_AGAMA` AS `NAMA_AGAMA`,`jk`.`ID_JK` AS `ID_JK`,`jk`.`NAMA_JK` AS `NAMA_JK`,`p`.`ID_PENDIDIKAN` AS `ID_PENDIDIKAN`,`p`.`NAMA_PENDIDIKAN` AS `NAMA_PENDIDIKAN`,`p`.`TINGKAT_PENDIDIKAN` AS `TINGKAT_PENDIDIKAN`,timestampdiff(YEAR,`rk`.`TANGGAL_MASUK`,now()) AS `TAHUN_KERJA`,(timestampdiff(MONTH,`rk`.`TANGGAL_MASUK`,now()) % 12) AS `BULAN_KERJA` from ((((((`riwayat_kar` `rk` join `jabatan_aktif` `rj`) join `subdept_aktif` `rs`) join `status_karyawan` `sk`) join `agama` `a`) join `jenis_kelamin` `jk`) join `pendidikan` `p`) where ((`rk`.`ID_JABATAN` = `rj`.`ID_JABATAN`) and (`rk`.`ID_SUBDEPT` = `rs`.`ID_SUBDEPT`) and (`rk`.`PERIODE_MULAI_KAR` <= `periode`()) and ((`periode`() < `rk`.`PERIODE_AKHIR_KAR`) or isnull(`rk`.`PERIODE_AKHIR_KAR`)) and (`sk`.`ID_SKA` = `rk`.`ID_SKA`) and (`a`.`ID_AGAMA` = `rk`.`ID_AGAMA`) and (`jk`.`ID_JK` = `rk`.`ID_JK`) and (`p`.`ID_PENDIDIKAN` = `rk`.`ID_PENDIDIKAN`)) order by `rk`.`ID_KAR`) */;

/*View structure for view kar_aktif_per_jabatan_count */

/*!50001 DROP TABLE IF EXISTS `kar_aktif_per_jabatan_count` */;
/*!50001 DROP VIEW IF EXISTS `kar_aktif_per_jabatan_count` */;

/*!50001 CREATE ALGORITHM=UNDEFINED DEFINER=`root`@`localhost` SQL SECURITY DEFINER VIEW `kar_aktif_per_jabatan_count` AS (select `rk`.`ID_JABATAN` AS `ID_JABATAN`,count(0) AS `JUMLAH_KAR` from ((`riwayat_kar` `rk` join `riwayat_subdept` `rs`) join `riwayat_dept` `rd`) where ((`rk`.`ID_SUBDEPT` = `rs`.`ID_SUBDEPT`) and (`rs`.`ID_DEPT` = `rd`.`ID_DEPT`) and (`rd`.`ID_PER` = `id_per`()) and (`rk`.`PERIODE_MULAI_KAR` <= `periode`()) and ((`periode`() < `rk`.`PERIODE_AKHIR_KAR`) or isnull(`rk`.`PERIODE_AKHIR_KAR`)) and (`rs`.`PERIODE_MULAI_SUBDEPT` <= `periode`()) and ((`periode`() < `rs`.`PERIODE_AKHIR_SUBDEPT`) or isnull(`rs`.`PERIODE_AKHIR_SUBDEPT`)) and (`rd`.`PERIODE_MULAI_DEPT` <= `periode`()) and ((`periode`() < `rd`.`PERIODE_AKHIR_DEPT`) or isnull(`rd`.`PERIODE_AKHIR_DEPT`))) group by `rk`.`ID_JABATAN`) */;

/*View structure for view kar_aktif_per_subdept_count */

/*!50001 DROP TABLE IF EXISTS `kar_aktif_per_subdept_count` */;
/*!50001 DROP VIEW IF EXISTS `kar_aktif_per_subdept_count` */;

/*!50001 CREATE ALGORITHM=UNDEFINED DEFINER=`root`@`localhost` SQL SECURITY DEFINER VIEW `kar_aktif_per_subdept_count` AS (select `rk`.`ID_SUBDEPT` AS `ID_SUBDEPT`,count(0) AS `JUMLAH_KAR` from `riwayat_kar` `rk` where ((`rk`.`PERIODE_MULAI_KAR` <= `periode`()) and ((`periode`() < `rk`.`PERIODE_AKHIR_KAR`) or isnull(`rk`.`PERIODE_AKHIR_KAR`))) group by `rk`.`ID_SUBDEPT`) */;

/*View structure for view kar_aktif_pure */

/*!50001 DROP TABLE IF EXISTS `kar_aktif_pure` */;
/*!50001 DROP VIEW IF EXISTS `kar_aktif_pure` */;

/*!50001 CREATE ALGORITHM=UNDEFINED DEFINER=`root`@`localhost` SQL SECURITY DEFINER VIEW `kar_aktif_pure` AS (select `rk`.`ID_KAR` AS `ID_KAR`,`rk`.`NIK` AS `NIK`,`rk`.`NAMA_KAR` AS `NAMA_KAR`,`rk`.`ID_JABATAN` AS `ID_JABATAN`,`rk`.`ID_SUBDEPT` AS `ID_SUBDEPT`,`rk`.`TANGGAL_MASUK` AS `TANGGAL_MASUK`,`rk`.`ID_SKA` AS `ID_SKA`,`rk`.`ALAMAT_KAR` AS `ALAMAT_KAR`,`rk`.`NO_KTP_KAR` AS `NO_KTP_KAR`,`rk`.`TELEPON_KAR` AS `TELEPON_KAR`,`rk`.`EMAIL_KAR` AS `EMAIL_KAR`,`rk`.`TEMPAT_LAHIR_KAR` AS `TEMPAT_LAHIR_KAR`,`rk`.`TANGGAL_LAHIR_KAR` AS `TANGGAL_LAHIR_KAR`,`rk`.`ID_AGAMA` AS `ID_AGAMA`,`rk`.`ID_JK` AS `ID_JK`,`rk`.`ID_PENDIDIKAN` AS `ID_PENDIDIKAN` from `riwayat_kar` `rk` where ((`rk`.`PERIODE_MULAI_KAR` <= `periode`()) and ((`periode`() < `rk`.`PERIODE_AKHIR_KAR`) or isnull(`rk`.`PERIODE_AKHIR_KAR`))) order by `rk`.`ID_KAR`) */;

/*View structure for view kar_aktif_row */

/*!50001 DROP TABLE IF EXISTS `kar_aktif_row` */;
/*!50001 DROP VIEW IF EXISTS `kar_aktif_row` */;

/*!50001 CREATE ALGORITHM=UNDEFINED DEFINER=`root`@`localhost` SQL SECURITY DEFINER VIEW `kar_aktif_row` AS (select `rk`.`ID_KAR` AS `ID_KAR`,`rk`.`NIK` AS `NIK`,`rk`.`NAMA_KAR` AS `NAMA_KAR`,`rk`.`ID_JABATAN` AS `ID_JABATAN`,`rk`.`NAMA_JABATAN` AS `NAMA_JABATAN`,`rk`.`ID_JOB` AS `ID_JOB`,`rk`.`NAMA_JOB` AS `NAMA_JOB`,`rk`.`ID_SUBDEPT` AS `ID_SUBDEPT`,`rk`.`NAMA_SUBDEPT` AS `NAMA_SUBDEPT`,`rk`.`ID_DEPT` AS `ID_DEPT`,`rk`.`NAMA_DEPT` AS `NAMA_DEPT`,`rk`.`TANGGAL_MASUK` AS `TANGGAL_MASUK`,timestampdiff(YEAR,`rk`.`TANGGAL_MASUK`,now()) AS `TAHUN_KERJA`,(timestampdiff(MONTH,`rk`.`TANGGAL_MASUK`,now()) % 12) AS `BULAN_KERJA` from `kar_aktif` `rk`) */;

/*View structure for view kar_all_full */

/*!50001 DROP TABLE IF EXISTS `kar_all_full` */;
/*!50001 DROP VIEW IF EXISTS `kar_all_full` */;

/*!50001 CREATE ALGORITHM=UNDEFINED DEFINER=`root`@`localhost` SQL SECURITY DEFINER VIEW `kar_all_full` AS select `kar_aktif_full`.`ID_KAR` AS `ID_KAR`,`kar_aktif_full`.`NIK` AS `NIK`,`kar_aktif_full`.`NAMA_KAR` AS `NAMA_KAR`,`kar_aktif_full`.`ID_JABATAN` AS `ID_JABATAN`,`kar_aktif_full`.`NAMA_JABATAN` AS `NAMA_JABATAN`,`kar_aktif_full`.`ID_JOB` AS `ID_JOB`,`kar_aktif_full`.`NAMA_JOB` AS `NAMA_JOB`,`kar_aktif_full`.`ID_SUBDEPT` AS `ID_SUBDEPT`,`kar_aktif_full`.`NAMA_SUBDEPT` AS `NAMA_SUBDEPT`,`kar_aktif_full`.`ID_DEPT` AS `ID_DEPT`,`kar_aktif_full`.`NAMA_DEPT` AS `NAMA_DEPT`,`kar_aktif_full`.`TANGGAL_MASUK` AS `TANGGAL_MASUK`,`kar_aktif_full`.`ID_SKA` AS `ID_SKA`,`kar_aktif_full`.`NAMA_SKA` AS `NAMA_SKA`,`kar_aktif_full`.`ALAMAT_KAR` AS `ALAMAT_KAR`,`kar_aktif_full`.`NO_KTP_KAR` AS `NO_KTP_KAR`,`kar_aktif_full`.`TELEPON_KAR` AS `TELEPON_KAR`,`kar_aktif_full`.`EMAIL_KAR` AS `EMAIL_KAR`,`kar_aktif_full`.`TEMPAT_LAHIR_KAR` AS `TEMPAT_LAHIR_KAR`,`kar_aktif_full`.`TANGGAL_LAHIR_KAR` AS `TANGGAL_LAHIR_KAR`,`kar_aktif_full`.`ID_AGAMA` AS `ID_AGAMA`,`kar_aktif_full`.`NAMA_AGAMA` AS `NAMA_AGAMA`,`kar_aktif_full`.`ID_JK` AS `ID_JK`,`kar_aktif_full`.`NAMA_JK` AS `NAMA_JK`,`kar_aktif_full`.`ID_PENDIDIKAN` AS `ID_PENDIDIKAN`,`kar_aktif_full`.`NAMA_PENDIDIKAN` AS `NAMA_PENDIDIKAN`,`kar_aktif_full`.`TINGKAT_PENDIDIKAN` AS `TINGKAT_PENDIDIKAN`,`kar_aktif_full`.`TAHUN_KERJA` AS `TAHUN_KERJA`,`kar_aktif_full`.`BULAN_KERJA` AS `BULAN_KERJA`,1 AS `AKTIF_JABATAN`,1 AS `AKTIF_JOB`,1 AS `AKTIF_SUBDEPT`,1 AS `AKTIF_DEPT`,1 AS `AKTIF_KAR` from `kar_aktif_full` union select `kar_dihapus_full`.`ID_KAR` AS `ID_KAR`,`kar_dihapus_full`.`NIK` AS `NIK`,`kar_dihapus_full`.`NAMA_KAR` AS `NAMA_KAR`,`kar_dihapus_full`.`ID_JABATAN` AS `ID_JABATAN`,`kar_dihapus_full`.`NAMA_JABATAN` AS `NAMA_JABATAN`,`kar_dihapus_full`.`ID_JOB` AS `ID_JOB`,`kar_dihapus_full`.`NAMA_JOB` AS `NAMA_JOB`,`kar_dihapus_full`.`ID_SUBDEPT` AS `ID_SUBDEPT`,`kar_dihapus_full`.`NAMA_SUBDEPT` AS `NAMA_SUBDEPT`,`kar_dihapus_full`.`ID_DEPT` AS `ID_DEPT`,`kar_dihapus_full`.`NAMA_DEPT` AS `NAMA_DEPT`,`kar_dihapus_full`.`TANGGAL_MASUK` AS `TANGGAL_MASUK`,`kar_dihapus_full`.`ID_SKA` AS `ID_SKA`,`kar_dihapus_full`.`NAMA_SKA` AS `NAMA_SKA`,`kar_dihapus_full`.`ALAMAT_KAR` AS `ALAMAT_KAR`,`kar_dihapus_full`.`NO_KTP_KAR` AS `NO_KTP_KAR`,`kar_dihapus_full`.`TELEPON_KAR` AS `TELEPON_KAR`,`kar_dihapus_full`.`EMAIL_KAR` AS `EMAIL_KAR`,`kar_dihapus_full`.`TEMPAT_LAHIR_KAR` AS `TEMPAT_LAHIR_KAR`,`kar_dihapus_full`.`TANGGAL_LAHIR_KAR` AS `TANGGAL_LAHIR_KAR`,`kar_dihapus_full`.`ID_AGAMA` AS `ID_AGAMA`,`kar_dihapus_full`.`NAMA_AGAMA` AS `NAMA_AGAMA`,`kar_dihapus_full`.`ID_JK` AS `ID_JK`,`kar_dihapus_full`.`NAMA_JK` AS `NAMA_JK`,`kar_dihapus_full`.`ID_PENDIDIKAN` AS `ID_PENDIDIKAN`,`kar_dihapus_full`.`NAMA_PENDIDIKAN` AS `NAMA_PENDIDIKAN`,`kar_dihapus_full`.`TINGKAT_PENDIDIKAN` AS `TINGKAT_PENDIDIKAN`,`kar_dihapus_full`.`TAHUN_KERJA` AS `TAHUN_KERJA`,`kar_dihapus_full`.`BULAN_KERJA` AS `BULAN_KERJA`,`kar_dihapus_full`.`AKTIF_JABATAN` AS `AKTIF_JABATAN`,`kar_dihapus_full`.`AKTIF_JOB` AS `AKTIF_JOB`,`kar_dihapus_full`.`AKTIF_SUBDEPT` AS `AKTIF_SUBDEPT`,`kar_dihapus_full`.`AKTIF_DEPT` AS `AKTIF_DEPT`,0 AS `AKTIF_KAR` from `kar_dihapus_full` */;

/*View structure for view kar_dihapus */

/*!50001 DROP TABLE IF EXISTS `kar_dihapus` */;
/*!50001 DROP VIEW IF EXISTS `kar_dihapus` */;

/*!50001 CREATE ALGORITHM=UNDEFINED DEFINER=`root`@`localhost` SQL SECURITY DEFINER VIEW `kar_dihapus` AS (select `rk1`.`ID_KAR` AS `ID_KAR`,`rk1`.`NIK` AS `NIK`,`rk1`.`NAMA_KAR` AS `NAMA_KAR`,`rj`.`ID_JABATAN` AS `ID_JABATAN`,`rj`.`NAMA_JABATAN` AS `NAMA_JABATAN`,`rj`.`ID_JOB` AS `ID_JOB`,`rj`.`NAMA_JOB` AS `NAMA_JOB`,`rs`.`ID_SUBDEPT` AS `ID_SUBDEPT`,`rs`.`NAMA_SUBDEPT` AS `NAMA_SUBDEPT`,`rs`.`ID_DEPT` AS `ID_DEPT`,`rs`.`NAMA_DEPT` AS `NAMA_DEPT`,`rk1`.`TANGGAL_MASUK` AS `TANGGAL_MASUK`,`rj`.`AKTIF_JABATAN` AS `AKTIF_JABATAN`,`rj`.`AKTIF_JOB` AS `AKTIF_JOB`,`rs`.`AKTIF_SUBDEPT` AS `AKTIF_SUBDEPT`,`rs`.`AKTIF_DEPT` AS `AKTIF_DEPT` from (((`kar_dihapus_lite` `rk1` left join `riwayat_kar` `rk2` on(((`rk1`.`ID_KAR` = `rk2`.`ID_KAR`) and (`rk1`.`PERIODE_MULAI_KAR` <> `rk2`.`PERIODE_MULAI_KAR`) and (`rk1`.`PERIODE_AKHIR_KAR` <= `rk2`.`PERIODE_MULAI_KAR`)))) join `subdept_all` `rs`) join `jabatan_all` `rj`) where (isnull(`rk2`.`PERIODE_MULAI_KAR`) and (`rk1`.`ID_SUBDEPT` = `rs`.`ID_SUBDEPT`) and (`rk1`.`ID_JABATAN` = `rj`.`ID_JABATAN`)) order by `rk1`.`ID_KAR`) */;

/*View structure for view kar_dihapus_full */

/*!50001 DROP TABLE IF EXISTS `kar_dihapus_full` */;
/*!50001 DROP VIEW IF EXISTS `kar_dihapus_full` */;

/*!50001 CREATE ALGORITHM=UNDEFINED DEFINER=`root`@`localhost` SQL SECURITY DEFINER VIEW `kar_dihapus_full` AS (select `rk`.`ID_KAR` AS `ID_KAR`,`rk`.`NIK` AS `NIK`,`rk`.`NAMA_KAR` AS `NAMA_KAR`,`rj`.`ID_JABATAN` AS `ID_JABATAN`,`rj`.`NAMA_JABATAN` AS `NAMA_JABATAN`,`rj`.`ID_JOB` AS `ID_JOB`,`rj`.`NAMA_JOB` AS `NAMA_JOB`,`rs`.`ID_SUBDEPT` AS `ID_SUBDEPT`,`rs`.`NAMA_SUBDEPT` AS `NAMA_SUBDEPT`,`rs`.`ID_DEPT` AS `ID_DEPT`,`rs`.`NAMA_DEPT` AS `NAMA_DEPT`,`rk`.`TANGGAL_MASUK` AS `TANGGAL_MASUK`,`sk`.`ID_SKA` AS `ID_SKA`,`sk`.`NAMA_SKA` AS `NAMA_SKA`,`rk`.`ALAMAT_KAR` AS `ALAMAT_KAR`,`rk`.`NO_KTP_KAR` AS `NO_KTP_KAR`,`rk`.`TELEPON_KAR` AS `TELEPON_KAR`,`rk`.`EMAIL_KAR` AS `EMAIL_KAR`,`rk`.`TEMPAT_LAHIR_KAR` AS `TEMPAT_LAHIR_KAR`,`rk`.`TANGGAL_LAHIR_KAR` AS `TANGGAL_LAHIR_KAR`,`a`.`ID_AGAMA` AS `ID_AGAMA`,`a`.`NAMA_AGAMA` AS `NAMA_AGAMA`,`jk`.`ID_JK` AS `ID_JK`,`jk`.`NAMA_JK` AS `NAMA_JK`,`p`.`ID_PENDIDIKAN` AS `ID_PENDIDIKAN`,`p`.`NAMA_PENDIDIKAN` AS `NAMA_PENDIDIKAN`,`p`.`TINGKAT_PENDIDIKAN` AS `TINGKAT_PENDIDIKAN`,timestampdiff(YEAR,`rk`.`TANGGAL_MASUK`,now()) AS `TAHUN_KERJA`,(timestampdiff(MONTH,`rk`.`TANGGAL_MASUK`,now()) % 12) AS `BULAN_KERJA`,`rj`.`AKTIF_JABATAN` AS `AKTIF_JABATAN`,`rj`.`AKTIF_JOB` AS `AKTIF_JOB`,`rs`.`AKTIF_SUBDEPT` AS `AKTIF_SUBDEPT`,`rs`.`AKTIF_DEPT` AS `AKTIF_DEPT` from ((((((`kar_dihapus_pure` `rk` join `subdept_all` `rs`) join `jabatan_all` `rj`) join `status_karyawan` `sk`) join `agama` `a`) join `jenis_kelamin` `jk`) join `pendidikan` `p`) where ((`rk`.`ID_SUBDEPT` = `rs`.`ID_SUBDEPT`) and (`rk`.`ID_JABATAN` = `rj`.`ID_JABATAN`) and (`sk`.`ID_SKA` = `rk`.`ID_SKA`) and (`a`.`ID_AGAMA` = `rk`.`ID_AGAMA`) and (`jk`.`ID_JK` = `rk`.`ID_JK`) and (`p`.`ID_PENDIDIKAN` = `rk`.`ID_PENDIDIKAN`)) order by `rk`.`ID_KAR`) */;

/*View structure for view kar_dihapus_lite */

/*!50001 DROP TABLE IF EXISTS `kar_dihapus_lite` */;
/*!50001 DROP VIEW IF EXISTS `kar_dihapus_lite` */;

/*!50001 CREATE ALGORITHM=UNDEFINED DEFINER=`root`@`localhost` SQL SECURITY DEFINER VIEW `kar_dihapus_lite` AS (select `rk`.`ID_KAR` AS `ID_KAR`,`rk`.`PERIODE_MULAI_KAR` AS `PERIODE_MULAI_KAR`,`rk`.`PERIODE_AKHIR_KAR` AS `PERIODE_AKHIR_KAR`,`rk`.`ID_SUBDEPT` AS `ID_SUBDEPT`,`rk`.`ID_JABATAN` AS `ID_JABATAN`,`rk`.`ID_SKA` AS `ID_SKA`,`rk`.`ID_AGAMA` AS `ID_AGAMA`,`rk`.`ID_JK` AS `ID_JK`,`rk`.`ID_PENDIDIKAN` AS `ID_PENDIDIKAN`,`rk`.`ID_SKO` AS `ID_SKO`,`rk`.`NIK` AS `NIK`,`rk`.`NAMA_KAR` AS `NAMA_KAR`,`rk`.`TANGGAL_MASUK` AS `TANGGAL_MASUK`,`rk`.`ALAMAT_KAR` AS `ALAMAT_KAR`,`rk`.`NO_KTP_KAR` AS `NO_KTP_KAR`,`rk`.`TELEPON_KAR` AS `TELEPON_KAR`,`rk`.`EMAIL_KAR` AS `EMAIL_KAR`,`rk`.`TEMPAT_LAHIR_KAR` AS `TEMPAT_LAHIR_KAR`,`rk`.`TANGGAL_LAHIR_KAR` AS `TANGGAL_LAHIR_KAR`,`rk`.`GAJI_DILAPORKAN` AS `GAJI_DILAPORKAN`,`rk`.`PERUMAHAN` AS `PERUMAHAN` from `riwayat_kar` `rk` where (not(`rk`.`ID_KAR` in (select `kar_aktif`.`ID_KAR` from `kar_aktif`)))) */;

/*View structure for view kar_dihapus_pure */

/*!50001 DROP TABLE IF EXISTS `kar_dihapus_pure` */;
/*!50001 DROP VIEW IF EXISTS `kar_dihapus_pure` */;

/*!50001 CREATE ALGORITHM=UNDEFINED DEFINER=`root`@`localhost` SQL SECURITY DEFINER VIEW `kar_dihapus_pure` AS (select `rk1`.`ID_KAR` AS `ID_KAR`,`rk1`.`NIK` AS `NIK`,`rk1`.`NAMA_KAR` AS `NAMA_KAR`,`rk1`.`ID_JABATAN` AS `ID_JABATAN`,`rk1`.`ID_SUBDEPT` AS `ID_SUBDEPT`,`rk1`.`TANGGAL_MASUK` AS `TANGGAL_MASUK`,`rk1`.`ID_SKA` AS `ID_SKA`,`rk1`.`ALAMAT_KAR` AS `ALAMAT_KAR`,`rk1`.`NO_KTP_KAR` AS `NO_KTP_KAR`,`rk1`.`TELEPON_KAR` AS `TELEPON_KAR`,`rk1`.`EMAIL_KAR` AS `EMAIL_KAR`,`rk1`.`TEMPAT_LAHIR_KAR` AS `TEMPAT_LAHIR_KAR`,`rk1`.`TANGGAL_LAHIR_KAR` AS `TANGGAL_LAHIR_KAR`,`rk1`.`ID_AGAMA` AS `ID_AGAMA`,`rk1`.`ID_JK` AS `ID_JK`,`rk1`.`ID_PENDIDIKAN` AS `ID_PENDIDIKAN` from (`kar_dihapus_lite` `rk1` left join `riwayat_kar` `rk2` on(((`rk1`.`ID_KAR` = `rk2`.`ID_KAR`) and (`rk1`.`PERIODE_MULAI_KAR` <> `rk2`.`PERIODE_MULAI_KAR`) and (`rk1`.`PERIODE_AKHIR_KAR` <= `rk2`.`PERIODE_MULAI_KAR`)))) where isnull(`rk2`.`PERIODE_MULAI_KAR`) order by `rk1`.`ID_KAR`) */;

/*View structure for view kar_dihapus_row */

/*!50001 DROP TABLE IF EXISTS `kar_dihapus_row` */;
/*!50001 DROP VIEW IF EXISTS `kar_dihapus_row` */;

/*!50001 CREATE ALGORITHM=UNDEFINED DEFINER=`root`@`localhost` SQL SECURITY DEFINER VIEW `kar_dihapus_row` AS (select `rk`.`ID_KAR` AS `ID_KAR`,`rk`.`NIK` AS `NIK`,`rk`.`NAMA_KAR` AS `NAMA_KAR`,`rk`.`ID_JABATAN` AS `ID_JABATAN`,`rk`.`NAMA_JABATAN` AS `NAMA_JABATAN`,`rk`.`ID_JOB` AS `ID_JOB`,`rk`.`NAMA_JOB` AS `NAMA_JOB`,`rk`.`ID_SUBDEPT` AS `ID_SUBDEPT`,`rk`.`NAMA_SUBDEPT` AS `NAMA_SUBDEPT`,`rk`.`ID_DEPT` AS `ID_DEPT`,`rk`.`NAMA_DEPT` AS `NAMA_DEPT`,`rk`.`TANGGAL_MASUK` AS `TANGGAL_MASUK`,timestampdiff(YEAR,`rk`.`TANGGAL_MASUK`,now()) AS `TAHUN_KERJA`,(timestampdiff(MONTH,`rk`.`TANGGAL_MASUK`,now()) % 12) AS `BULAN_KERJA`,`rk`.`AKTIF_JABATAN` AS `AKTIF_JABATAN`,`rk`.`AKTIF_JOB` AS `AKTIF_JOB`,`rk`.`AKTIF_SUBDEPT` AS `AKTIF_SUBDEPT`,`rk`.`AKTIF_DEPT` AS `AKTIF_DEPT` from `kar_dihapus` `rk`) */;

/*View structure for view kar_gaji_all_pure */

/*!50001 DROP TABLE IF EXISTS `kar_gaji_all_pure` */;
/*!50001 DROP VIEW IF EXISTS `kar_gaji_all_pure` */;

/*!50001 CREATE ALGORITHM=UNDEFINED DEFINER=`root`@`localhost` SQL SECURITY DEFINER VIEW `kar_gaji_all_pure` AS (select `rk`.`ID_KAR` AS `ID_KAR`,`rk`.`NIK` AS `NIK`,`rk`.`NAMA_KAR` AS `NAMA_KAR`,`rk`.`ID_JABATAN` AS `ID_JABATAN`,`rk`.`ID_SUBDEPT` AS `ID_SUBDEPT`,`rk`.`ID_SKO` AS `ID_SKO`,`rk`.`PERUMAHAN` AS `PERUMAHAN`,`rk`.`GAJI_DILAPORKAN` AS `GAJI_DILAPORKAN` from `riwayat_kar` `rk` where ((`rk`.`PERIODE_MULAI_KAR` <= `periode`()) and ((`periode`() < `rk`.`PERIODE_AKHIR_KAR`) or isnull(`rk`.`PERIODE_AKHIR_KAR`))) order by `rk`.`ID_KAR`) */;

/*View structure for view kar_gaji_all_row_lite */

/*!50001 DROP TABLE IF EXISTS `kar_gaji_all_row_lite` */;
/*!50001 DROP VIEW IF EXISTS `kar_gaji_all_row_lite` */;

/*!50001 CREATE ALGORITHM=UNDEFINED DEFINER=`root`@`localhost` SQL SECURITY DEFINER VIEW `kar_gaji_all_row_lite` AS (select `rk`.`ID_KAR` AS `ID_KAR`,`rk`.`NIK` AS `NIK`,`rk`.`NAMA_KAR` AS `NAMA_KAR`,`rk`.`ID_SKO` AS `ID_SKO`,`rk`.`PERUMAHAN` AS `PERUMAHAN`,`rk`.`GAJI_DILAPORKAN` AS `GAJI_DILAPORKAN`,`rj`.`ID_JABATAN` AS `ID_JABATAN`,`rj`.`NAMA_JABATAN` AS `NAMA_JABATAN`,`rj`.`ID_JOB` AS `ID_JOB`,`rj`.`NAMA_JOB` AS `NAMA_JOB`,`rs`.`ID_SUBDEPT` AS `ID_SUBDEPT`,`rs`.`NAMA_SUBDEPT` AS `NAMA_SUBDEPT`,`rs`.`ID_DEPT` AS `ID_DEPT`,`rs`.`NAMA_DEPT` AS `NAMA_DEPT` from ((`riwayat_kar` `rk` join `subdept_all` `rs`) join `jabatan_all` `rj`) where ((`rk`.`PERIODE_MULAI_KAR` <= `periode`()) and ((`periode`() < `rk`.`PERIODE_AKHIR_KAR`) or isnull(`rk`.`PERIODE_AKHIR_KAR`)) and (`rj`.`ID_JABATAN` = `rk`.`ID_JABATAN`) and (`rs`.`ID_SUBDEPT` = `rk`.`ID_SUBDEPT`)) order by `rk`.`ID_KAR`) */;

/*View structure for view kar_gaji_belum_pure */

/*!50001 DROP TABLE IF EXISTS `kar_gaji_belum_pure` */;
/*!50001 DROP VIEW IF EXISTS `kar_gaji_belum_pure` */;

/*!50001 CREATE ALGORITHM=UNDEFINED DEFINER=`root`@`localhost` SQL SECURITY DEFINER VIEW `kar_gaji_belum_pure` AS (select `rk`.`ID_KAR` AS `ID_KAR`,`rk`.`NIK` AS `NIK`,`rk`.`NAMA_KAR` AS `NAMA_KAR`,`rk`.`ID_JABATAN` AS `ID_JABATAN`,`rk`.`ID_SUBDEPT` AS `ID_SUBDEPT`,`rk`.`ID_SKO` AS `ID_SKO`,`rk`.`PERUMAHAN` AS `PERUMAHAN`,`rk`.`GAJI_DILAPORKAN` AS `GAJI_DILAPORKAN` from `kar_gaji_all_pure` `rk` where isnull(`rk`.`GAJI_DILAPORKAN`) order by `rk`.`ID_KAR`) */;

/*View structure for view kar_gaji_belum_row */

/*!50001 DROP TABLE IF EXISTS `kar_gaji_belum_row` */;
/*!50001 DROP VIEW IF EXISTS `kar_gaji_belum_row` */;

/*!50001 CREATE ALGORITHM=UNDEFINED DEFINER=`root`@`localhost` SQL SECURITY DEFINER VIEW `kar_gaji_belum_row` AS (select `rk`.`ID_KAR` AS `ID_KAR`,`rk`.`NIK` AS `NIK`,`rk`.`NAMA_KAR` AS `NAMA_KAR`,`rk`.`ID_SKO` AS `ID_SKO`,`rk`.`PERUMAHAN` AS `PERUMAHAN`,`rk`.`GAJI_DILAPORKAN` AS `GAJI_DILAPORKAN`,`rk`.`ID_JABATAN` AS `ID_JABATAN`,`rk`.`NAMA_JABATAN` AS `NAMA_JABATAN`,`rk`.`ID_JOB` AS `ID_JOB`,`rk`.`NAMA_JOB` AS `NAMA_JOB`,`rk`.`ID_SUBDEPT` AS `ID_SUBDEPT`,`rk`.`NAMA_SUBDEPT` AS `NAMA_SUBDEPT`,`rk`.`ID_DEPT` AS `ID_DEPT`,`rk`.`NAMA_DEPT` AS `NAMA_DEPT`,`g`.`KINERJA` AS `KINERJA`,`g`.`GAJI_LAIN` AS `GAJI_LAIN`,`g`.`PPH21` AS `PPH21`,`sk`.`NAMA_SKO` AS `NAMA_SKO` from ((`kar_gaji_all_row_lite` `rk` left join `gaji_terakhir` `g` on((`rk`.`ID_KAR` = `g`.`ID_KAR`))) left join `status_koperasi` `sk` on((`rk`.`ID_SKO` = `sk`.`ID_SKO`))) where isnull(`rk`.`GAJI_DILAPORKAN`) order by `rk`.`ID_KAR`) */;

/*View structure for view kar_gaji_sudah_full */

/*!50001 DROP TABLE IF EXISTS `kar_gaji_sudah_full` */;
/*!50001 DROP VIEW IF EXISTS `kar_gaji_sudah_full` */;

/*!50001 CREATE ALGORITHM=UNDEFINED DEFINER=`root`@`localhost` SQL SECURITY DEFINER VIEW `kar_gaji_sudah_full` AS (select `rk`.`ID_KAR` AS `ID_KAR`,`rk`.`NIK` AS `NIK`,`rk`.`NAMA_KAR` AS `NAMA_KAR`,`rk`.`ID_SKO` AS `ID_SKO`,`rk`.`PERUMAHAN` AS `PERUMAHAN`,`rk`.`GAJI_DILAPORKAN` AS `GAJI_DILAPORKAN`,`rk`.`ID_JABATAN` AS `ID_JABATAN`,`rk`.`NAMA_JABATAN` AS `NAMA_JABATAN`,`rk`.`ID_JOB` AS `ID_JOB`,`rk`.`NAMA_JOB` AS `NAMA_JOB`,`rk`.`ID_SUBDEPT` AS `ID_SUBDEPT`,`rk`.`NAMA_SUBDEPT` AS `NAMA_SUBDEPT`,`rk`.`ID_DEPT` AS `ID_DEPT`,`rk`.`NAMA_DEPT` AS `NAMA_DEPT`,`rk`.`KINERJA` AS `KINERJA`,`rk`.`GAJI_LAIN` AS `GAJI_LAIN`,`rk`.`PPH21` AS `PPH21`,`rk`.`NAMA_SKO` AS `NAMA_SKO`,`sk`.`NILAI_KOP` AS `NILAI_KOP`,(case when `rk`.`PERUMAHAN` then (select `pengaturan_aktif`.`IURAN_RUMAH` from `pengaturan_aktif`) else 0 end) AS `IURAN_RUMAH` from (`kar_gaji_sudah_row` `rk` join `status_koperasi_full` `sk`) where (`rk`.`ID_SKO` = `sk`.`ID_SKO`) order by `rk`.`ID_KAR`) */;

/*View structure for view kar_gaji_sudah_pure */

/*!50001 DROP TABLE IF EXISTS `kar_gaji_sudah_pure` */;
/*!50001 DROP VIEW IF EXISTS `kar_gaji_sudah_pure` */;

/*!50001 CREATE ALGORITHM=UNDEFINED DEFINER=`root`@`localhost` SQL SECURITY DEFINER VIEW `kar_gaji_sudah_pure` AS (select `rk`.`ID_KAR` AS `ID_KAR`,`rk`.`NIK` AS `NIK`,`rk`.`NAMA_KAR` AS `NAMA_KAR`,`rk`.`ID_JABATAN` AS `ID_JABATAN`,`rk`.`ID_SUBDEPT` AS `ID_SUBDEPT`,`rk`.`ID_SKO` AS `ID_SKO`,`rk`.`PERUMAHAN` AS `PERUMAHAN`,`rk`.`GAJI_DILAPORKAN` AS `GAJI_DILAPORKAN` from `kar_gaji_all_pure` `rk` where (`rk`.`GAJI_DILAPORKAN` is not null) order by `rk`.`ID_KAR`) */;

/*View structure for view kar_gaji_sudah_row */

/*!50001 DROP TABLE IF EXISTS `kar_gaji_sudah_row` */;
/*!50001 DROP VIEW IF EXISTS `kar_gaji_sudah_row` */;

/*!50001 CREATE ALGORITHM=UNDEFINED DEFINER=`root`@`localhost` SQL SECURITY DEFINER VIEW `kar_gaji_sudah_row` AS (select `rk`.`ID_KAR` AS `ID_KAR`,`rk`.`NIK` AS `NIK`,`rk`.`NAMA_KAR` AS `NAMA_KAR`,`rk`.`ID_SKO` AS `ID_SKO`,`rk`.`PERUMAHAN` AS `PERUMAHAN`,`rk`.`GAJI_DILAPORKAN` AS `GAJI_DILAPORKAN`,`rk`.`ID_JABATAN` AS `ID_JABATAN`,`rk`.`NAMA_JABATAN` AS `NAMA_JABATAN`,`rk`.`ID_JOB` AS `ID_JOB`,`rk`.`NAMA_JOB` AS `NAMA_JOB`,`rk`.`ID_SUBDEPT` AS `ID_SUBDEPT`,`rk`.`NAMA_SUBDEPT` AS `NAMA_SUBDEPT`,`rk`.`ID_DEPT` AS `ID_DEPT`,`rk`.`NAMA_DEPT` AS `NAMA_DEPT`,`g`.`KINERJA` AS `KINERJA`,`g`.`GAJI_LAIN` AS `GAJI_LAIN`,`g`.`PPH21` AS `PPH21`,`sk`.`NAMA_SKO` AS `NAMA_SKO` from ((`kar_gaji_all_row_lite` `rk` join `gaji` `g`) join `status_koperasi` `sk`) where ((`rk`.`ID_KAR` = `g`.`ID_KAR`) and (`rk`.`ID_SKO` = `sk`.`ID_SKO`) and (`rk`.`GAJI_DILAPORKAN` is not null)) order by `rk`.`ID_KAR`) */;

/*View structure for view pengaturan_aktif */

/*!50001 DROP TABLE IF EXISTS `pengaturan_aktif` */;
/*!50001 DROP VIEW IF EXISTS `pengaturan_aktif` */;

/*!50001 CREATE ALGORITHM=UNDEFINED DEFINER=`root`@`localhost` SQL SECURITY DEFINER VIEW `pengaturan_aktif` AS (select `p`.`BPJS_KERJA_PER` AS `BPJS_KERJA_PER`,`p`.`BPJS_KERJA_KAR` AS `BPJS_KERJA_KAR`,`p`.`BPJS_KES_PER` AS `BPJS_KES_PER`,`p`.`BPJS_KES_KAR` AS `BPJS_KES_KAR`,`p`.`UMK` AS `UMK`,`p`.`IURAN_RUMAH` AS `IURAN_RUMAH`,`p`.`IURAN_KOP` AS `IURAN_KOP`,`p`.`DAFTAR_KOP` AS `DAFTAR_KOP`,`p`.`UANG_MAKAN` AS `UANG_MAKAN`,`p`.`UANG_TRANSPORT` AS `UANG_TRANSPORT`,`p`.`NAMA_OWNER` AS `NAMA_OWNER` from `pengaturan` `p` where ((`p`.`PERIODE_MULAI_PENG` <= `periode`()) and ((`periode`() < `p`.`PERIODE_AKHIR_PENG`) or isnull(`p`.`PERIODE_AKHIR_PENG`)))) */;

/*View structure for view shift_aktif */

/*!50001 DROP TABLE IF EXISTS `shift_aktif` */;
/*!50001 DROP VIEW IF EXISTS `shift_aktif` */;

/*!50001 CREATE ALGORITHM=UNDEFINED DEFINER=`root`@`localhost` SQL SECURITY DEFINER VIEW `shift_aktif` AS (select `s`.`ID_SHIFT` AS `ID_SHIFT`,`rs`.`NAMA_SHIFT` AS `NAMA_SHIFT`,`rs`.`MAX_LEMBUR_1` AS `MAX_LEMBUR_1`,`rs`.`MAX_LEMBUR_2` AS `MAX_LEMBUR_2` from (`riwayat_shift` `rs` join `shift` `s`) where ((`s`.`ID_SHIFT` = `rs`.`ID_SHIFT`) and (`rs`.`PERIODE_MULAI_SHIFT` <= `periode`()) and ((`periode`() < `rs`.`PERIODE_AKHIR_SHIFT`) or isnull(`rs`.`PERIODE_AKHIR_SHIFT`))) order by `s`.`ID_SHIFT`) */;

/*View structure for view shift_dihapus */

/*!50001 DROP TABLE IF EXISTS `shift_dihapus` */;
/*!50001 DROP VIEW IF EXISTS `shift_dihapus` */;

/*!50001 CREATE ALGORITHM=UNDEFINED DEFINER=`root`@`localhost` SQL SECURITY DEFINER VIEW `shift_dihapus` AS (select `rs1`.`ID_SHIFT` AS `ID_SHIFT`,`rs1`.`NAMA_SHIFT` AS `NAMA_SHIFT`,`rs1`.`MAX_LEMBUR_1` AS `MAX_LEMBUR_1`,`rs1`.`MAX_LEMBUR_2` AS `MAX_LEMBUR_2` from (`shift_dihapus_lite` `rs1` left join `riwayat_shift` `rs2` on(((`rs1`.`PERIODE_MULAI_SHIFT` <> `rs2`.`PERIODE_MULAI_SHIFT`) and (`rs1`.`PERIODE_AKHIR_SHIFT` <= `rs2`.`PERIODE_MULAI_SHIFT`)))) where isnull(`rs2`.`PERIODE_MULAI_SHIFT`) order by `rs1`.`ID_SHIFT`) */;

/*View structure for view shift_dihapus_lite */

/*!50001 DROP TABLE IF EXISTS `shift_dihapus_lite` */;
/*!50001 DROP VIEW IF EXISTS `shift_dihapus_lite` */;

/*!50001 CREATE ALGORITHM=UNDEFINED DEFINER=`root`@`localhost` SQL SECURITY DEFINER VIEW `shift_dihapus_lite` AS (select `rs0`.`ID_SHIFT` AS `ID_SHIFT`,`rs0`.`PERIODE_MULAI_SHIFT` AS `PERIODE_MULAI_SHIFT`,`rs0`.`PERIODE_AKHIR_SHIFT` AS `PERIODE_AKHIR_SHIFT`,`rs0`.`NAMA_SHIFT` AS `NAMA_SHIFT`,`rs0`.`MAX_LEMBUR_1` AS `MAX_LEMBUR_1`,`rs0`.`MAX_LEMBUR_2` AS `MAX_LEMBUR_2` from `riwayat_shift` `rs0` where (not(`rs0`.`ID_SHIFT` in (select `shift_aktif`.`ID_SHIFT` from `shift_aktif`)))) */;

/*View structure for view status_koperasi_full */

/*!50001 DROP TABLE IF EXISTS `status_koperasi_full` */;
/*!50001 DROP VIEW IF EXISTS `status_koperasi_full` */;

/*!50001 CREATE ALGORITHM=UNDEFINED DEFINER=`root`@`localhost` SQL SECURITY DEFINER VIEW `status_koperasi_full` AS (select `k`.`ID_SKO` AS `ID_SKO`,`k`.`NAMA_SKO` AS `NAMA_SKO`,(case when (`k`.`ID_SKO` = 1) then (select `pengaturan_aktif`.`DAFTAR_KOP` from `pengaturan_aktif`) when (`k`.`ID_SKO` = 2) then (select `pengaturan_aktif`.`IURAN_KOP` from `pengaturan_aktif`) else 0 end) AS `NILAI_KOP` from `status_koperasi` `k`) */;

/*View structure for view subdept_aktif */

/*!50001 DROP TABLE IF EXISTS `subdept_aktif` */;
/*!50001 DROP VIEW IF EXISTS `subdept_aktif` */;

/*!50001 CREATE ALGORITHM=UNDEFINED DEFINER=`root`@`localhost` SQL SECURITY DEFINER VIEW `subdept_aktif` AS (select `rs`.`ID_SUBDEPT` AS `ID_SUBDEPT`,`rs`.`NAMA_SUBDEPT` AS `NAMA_SUBDEPT`,`rd`.`ID_DEPT` AS `ID_DEPT`,`rd`.`NAMA_DEPT` AS `NAMA_DEPT`,`rd`.`ID_PER` AS `ID_PER` from (`dept_aktif` `rd` join `subdept_aktif_pure` `rs`) where (`rs`.`ID_DEPT` = `rd`.`ID_DEPT`) order by `rs`.`ID_SUBDEPT`) */;

/*View structure for view subdept_aktif_per_dept_count */

/*!50001 DROP TABLE IF EXISTS `subdept_aktif_per_dept_count` */;
/*!50001 DROP VIEW IF EXISTS `subdept_aktif_per_dept_count` */;

/*!50001 CREATE ALGORITHM=UNDEFINED DEFINER=`root`@`localhost` SQL SECURITY DEFINER VIEW `subdept_aktif_per_dept_count` AS (select `rs`.`ID_DEPT` AS `ID_DEPT`,count(0) AS `JUMLAH_SUBDEPT`,sum(`ck`.`JUMLAH_KAR`) AS `JUMLAH_KAR` from (`riwayat_subdept` `rs` left join `kar_aktif_per_subdept_count` `ck` on((`rs`.`ID_SUBDEPT` = `ck`.`ID_SUBDEPT`))) where ((`rs`.`PERIODE_MULAI_SUBDEPT` <= `periode`()) and ((`periode`() < `rs`.`PERIODE_AKHIR_SUBDEPT`) or isnull(`rs`.`PERIODE_AKHIR_SUBDEPT`))) group by `rs`.`ID_DEPT`) */;

/*View structure for view subdept_aktif_pure */

/*!50001 DROP TABLE IF EXISTS `subdept_aktif_pure` */;
/*!50001 DROP VIEW IF EXISTS `subdept_aktif_pure` */;

/*!50001 CREATE ALGORITHM=UNDEFINED DEFINER=`root`@`localhost` SQL SECURITY DEFINER VIEW `subdept_aktif_pure` AS (select `rs`.`ID_SUBDEPT` AS `ID_SUBDEPT`,`rs`.`NAMA_SUBDEPT` AS `NAMA_SUBDEPT`,`rs`.`ID_DEPT` AS `ID_DEPT` from `riwayat_subdept` `rs` where ((`rs`.`PERIODE_MULAI_SUBDEPT` <= `periode`()) and ((`periode`() < `rs`.`PERIODE_AKHIR_SUBDEPT`) or isnull(`rs`.`PERIODE_AKHIR_SUBDEPT`))) order by `rs`.`ID_SUBDEPT`) */;

/*View structure for view subdept_aktif_row */

/*!50001 DROP TABLE IF EXISTS `subdept_aktif_row` */;
/*!50001 DROP VIEW IF EXISTS `subdept_aktif_row` */;

/*!50001 CREATE ALGORITHM=UNDEFINED DEFINER=`root`@`localhost` SQL SECURITY DEFINER VIEW `subdept_aktif_row` AS (select `rs`.`ID_SUBDEPT` AS `ID_SUBDEPT`,`rs`.`NAMA_SUBDEPT` AS `NAMA_SUBDEPT`,`rs`.`ID_DEPT` AS `ID_DEPT`,`rs`.`NAMA_DEPT` AS `NAMA_DEPT`,`rs`.`ID_PER` AS `ID_PER`,coalesce(`ck`.`JUMLAH_KAR`,0) AS `JUMLAH_KAR` from (`subdept_aktif` `rs` left join `kar_aktif_per_subdept_count` `ck` on((`rs`.`ID_SUBDEPT` = `ck`.`ID_SUBDEPT`))) order by `rs`.`ID_SUBDEPT`) */;

/*View structure for view subdept_all */

/*!50001 DROP TABLE IF EXISTS `subdept_all` */;
/*!50001 DROP VIEW IF EXISTS `subdept_all` */;

/*!50001 CREATE ALGORITHM=UNDEFINED DEFINER=`root`@`localhost` SQL SECURITY DEFINER VIEW `subdept_all` AS select `subdept_aktif`.`ID_SUBDEPT` AS `ID_SUBDEPT`,`subdept_aktif`.`NAMA_SUBDEPT` AS `NAMA_SUBDEPT`,`subdept_aktif`.`ID_DEPT` AS `ID_DEPT`,`subdept_aktif`.`NAMA_DEPT` AS `NAMA_DEPT`,`subdept_aktif`.`ID_PER` AS `ID_PER`,1 AS `AKTIF_SUBDEPT`,1 AS `AKTIF_DEPT` from `subdept_aktif` union select `subdept_dihapus`.`ID_SUBDEPT` AS `ID_SUBDEPT`,`subdept_dihapus`.`NAMA_SUBDEPT` AS `NAMA_SUBDEPT`,`subdept_dihapus`.`ID_DEPT` AS `ID_DEPT`,`subdept_dihapus`.`NAMA_DEPT` AS `NAMA_DEPT`,`subdept_dihapus`.`ID_PER` AS `ID_PER`,0 AS `AKTIF_SUBDEPT`,`subdept_dihapus`.`AKTIF_DEPT` AS `AKTIF_DEPT` from `subdept_dihapus` */;

/*View structure for view subdept_dihapus */

/*!50001 DROP TABLE IF EXISTS `subdept_dihapus` */;
/*!50001 DROP VIEW IF EXISTS `subdept_dihapus` */;

/*!50001 CREATE ALGORITHM=UNDEFINED DEFINER=`root`@`localhost` SQL SECURITY DEFINER VIEW `subdept_dihapus` AS (select `rs1`.`ID_SUBDEPT` AS `ID_SUBDEPT`,`rs1`.`NAMA_SUBDEPT` AS `NAMA_SUBDEPT`,`rd`.`ID_DEPT` AS `ID_DEPT`,`rd`.`NAMA_DEPT` AS `NAMA_DEPT`,`rd`.`ID_PER` AS `ID_PER`,`rd`.`AKTIF_DEPT` AS `AKTIF_DEPT` from (`subdept_dihapus_pure` `rs1` join `dept_all` `rd`) where (`rs1`.`ID_DEPT` = `rd`.`ID_DEPT`) order by `rs1`.`ID_SUBDEPT`) */;

/*View structure for view subdept_dihapus_lite */

/*!50001 DROP TABLE IF EXISTS `subdept_dihapus_lite` */;
/*!50001 DROP VIEW IF EXISTS `subdept_dihapus_lite` */;

/*!50001 CREATE ALGORITHM=UNDEFINED DEFINER=`root`@`localhost` SQL SECURITY DEFINER VIEW `subdept_dihapus_lite` AS (select `rs1`.`ID_SUBDEPT` AS `ID_SUBDEPT`,`rs1`.`PERIODE_MULAI_SUBDEPT` AS `PERIODE_MULAI_SUBDEPT`,`rs1`.`PERIODE_AKHIR_SUBDEPT` AS `PERIODE_AKHIR_SUBDEPT`,`rs1`.`ID_DEPT` AS `ID_DEPT`,`rs1`.`NAMA_SUBDEPT` AS `NAMA_SUBDEPT` from `riwayat_subdept` `rs1` where (not(`rs1`.`ID_SUBDEPT` in (select `subdept_aktif`.`ID_SUBDEPT` from `subdept_aktif`)))) */;

/*View structure for view subdept_dihapus_pure */

/*!50001 DROP TABLE IF EXISTS `subdept_dihapus_pure` */;
/*!50001 DROP VIEW IF EXISTS `subdept_dihapus_pure` */;

/*!50001 CREATE ALGORITHM=UNDEFINED DEFINER=`root`@`localhost` SQL SECURITY DEFINER VIEW `subdept_dihapus_pure` AS (select `rs1`.`ID_SUBDEPT` AS `ID_SUBDEPT`,`rs1`.`NAMA_SUBDEPT` AS `NAMA_SUBDEPT`,`rs1`.`ID_DEPT` AS `ID_DEPT` from (`subdept_dihapus_lite` `rs1` left join `riwayat_subdept` `rs2` on(((`rs1`.`ID_SUBDEPT` = `rs2`.`ID_SUBDEPT`) and (`rs1`.`PERIODE_MULAI_SUBDEPT` <> `rs2`.`PERIODE_MULAI_SUBDEPT`) and (`rs1`.`PERIODE_AKHIR_SUBDEPT` <= `rs2`.`PERIODE_MULAI_SUBDEPT`)))) where isnull(`rs2`.`PERIODE_MULAI_SUBDEPT`) order by `rs1`.`ID_SUBDEPT`) */;

/*View structure for view subdept_dihapus_row */

/*!50001 DROP TABLE IF EXISTS `subdept_dihapus_row` */;
/*!50001 DROP VIEW IF EXISTS `subdept_dihapus_row` */;

/*!50001 CREATE ALGORITHM=UNDEFINED DEFINER=`root`@`localhost` SQL SECURITY DEFINER VIEW `subdept_dihapus_row` AS (select `rs`.`ID_SUBDEPT` AS `ID_SUBDEPT`,`rs`.`NAMA_SUBDEPT` AS `NAMA_SUBDEPT`,`rs`.`ID_DEPT` AS `ID_DEPT`,`rs`.`NAMA_DEPT` AS `NAMA_DEPT`,`rs`.`ID_PER` AS `ID_PER`,`rs`.`AKTIF_DEPT` AS `AKTIF_DEPT`,coalesce(`ck`.`JUMLAH_KAR`,0) AS `JUMLAH_KAR` from (`subdept_dihapus` `rs` left join `kar_aktif_per_subdept_count` `ck` on((`rs`.`ID_SUBDEPT` = `ck`.`ID_SUBDEPT`))) order by `rs`.`ID_SUBDEPT`) */;

/*View structure for view tkh_aktif */

/*!50001 DROP TABLE IF EXISTS `tkh_aktif` */;
/*!50001 DROP VIEW IF EXISTS `tkh_aktif` */;

/*!50001 CREATE ALGORITHM=UNDEFINED DEFINER=`root`@`localhost` SQL SECURITY DEFINER VIEW `tkh_aktif` AS (select `rtkh`.`ID_TKH` AS `ID_TKH`,`rtkh`.`NAMA_TKH` AS `NAMA_TKH`,`rtkh`.`NILAI_TKH` AS `NILAI_TKH` from `riwayat_tkh` `rtkh` where ((`rtkh`.`PERIODE_MULAI_TKH` <= `periode`()) and ((`periode`() < `rtkh`.`PERIODE_AKHIR_TKH`) or isnull(`rtkh`.`PERIODE_AKHIR_TKH`))) order by `rtkh`.`ID_TKH`) */;

/*View structure for view tkh_aktif_per_jabatan_count */

/*!50001 DROP TABLE IF EXISTS `tkh_aktif_per_jabatan_count` */;
/*!50001 DROP VIEW IF EXISTS `tkh_aktif_per_jabatan_count` */;

/*!50001 CREATE ALGORITHM=UNDEFINED DEFINER=`root`@`localhost` SQL SECURITY DEFINER VIEW `tkh_aktif_per_jabatan_count` AS (select `tkhj`.`ID_JABATAN` AS `ID_JABATAN`,count(0) AS `JUMLAH_TKH` from `tkhj_aktif` `tkhj` group by `tkhj`.`ID_JABATAN`) */;

/*View structure for view tkh_aktif_row */

/*!50001 DROP TABLE IF EXISTS `tkh_aktif_row` */;
/*!50001 DROP VIEW IF EXISTS `tkh_aktif_row` */;

/*!50001 CREATE ALGORITHM=UNDEFINED DEFINER=`root`@`localhost` SQL SECURITY DEFINER VIEW `tkh_aktif_row` AS (select `rtkh`.`ID_TKH` AS `ID_TKH`,`rtkh`.`NAMA_TKH` AS `NAMA_TKH`,`rtkh`.`NILAI_TKH` AS `NILAI_TKH`,coalesce(`ctkhj`.`JUMLAH_JABATAN`,0) AS `JUMLAH_JABATAN`,coalesce(`ctkhj`.`JUMLAH_KAR`,0) AS `JUMLAH_KAR` from (`tkh_aktif` `rtkh` left join `jabatan_aktif_per_tkh_count` `ctkhj` on((`rtkh`.`ID_TKH` = `ctkhj`.`ID_TKH`))) order by `rtkh`.`ID_TKH`) */;

/*View structure for view tkh_aktif_row_jabatan */

/*!50001 DROP TABLE IF EXISTS `tkh_aktif_row_jabatan` */;
/*!50001 DROP VIEW IF EXISTS `tkh_aktif_row_jabatan` */;

/*!50001 CREATE ALGORITHM=UNDEFINED DEFINER=`root`@`localhost` SQL SECURITY DEFINER VIEW `tkh_aktif_row_jabatan` AS (select `tkhj`.`ID_JABATAN` AS `ID_JABATAN`,`rtkh`.`ID_TKH` AS `ID_TKH`,`rtkh`.`NAMA_TKH` AS `NAMA_TKH`,`rtkh`.`NILAI_TKH` AS `NILAI_TKH`,coalesce(`ck`.`JUMLAH_KAR`,0) AS `JUMLAH_KAR` from ((`tkhj_aktif` `tkhj` left join `tkh_aktif` `rtkh` on((`tkhj`.`ID_TKH` = `rtkh`.`ID_TKH`))) left join `kar_aktif_per_jabatan_count` `ck` on((`tkhj`.`ID_JABATAN` = `ck`.`ID_JABATAN`))) order by `tkhj`.`ID_JABATAN`,`rtkh`.`ID_TKH`) */;

/*View structure for view tkh_dihapus */

/*!50001 DROP TABLE IF EXISTS `tkh_dihapus` */;
/*!50001 DROP VIEW IF EXISTS `tkh_dihapus` */;

/*!50001 CREATE ALGORITHM=UNDEFINED DEFINER=`root`@`localhost` SQL SECURITY DEFINER VIEW `tkh_dihapus` AS (select `rtkh`.`ID_TKH` AS `ID_TKH`,`rtkh`.`NAMA_TKH` AS `NAMA_TKH`,`rtkh`.`NILAI_TKH` AS `NILAI_TKH` from (`tkh_dihapus_lite` `rtkh` left join `riwayat_tkh` `rtkh2` on(((`rtkh`.`ID_TKH` = `rtkh2`.`ID_TKH`) and (`rtkh`.`PERIODE_MULAI_TKH` <> `rtkh2`.`PERIODE_MULAI_TKH`) and (`rtkh`.`PERIODE_AKHIR_TKH` <= `rtkh2`.`PERIODE_MULAI_TKH`)))) where isnull(`rtkh2`.`PERIODE_MULAI_TKH`) order by `rtkh`.`ID_TKH`) */;

/*View structure for view tkh_dihapus_lite */

/*!50001 DROP TABLE IF EXISTS `tkh_dihapus_lite` */;
/*!50001 DROP VIEW IF EXISTS `tkh_dihapus_lite` */;

/*!50001 CREATE ALGORITHM=UNDEFINED DEFINER=`root`@`localhost` SQL SECURITY DEFINER VIEW `tkh_dihapus_lite` AS (select `rtkh`.`ID_TKH` AS `ID_TKH`,`rtkh`.`PERIODE_MULAI_TKH` AS `PERIODE_MULAI_TKH`,`rtkh`.`PERIODE_AKHIR_TKH` AS `PERIODE_AKHIR_TKH`,`rtkh`.`NAMA_TKH` AS `NAMA_TKH`,`rtkh`.`NILAI_TKH` AS `NILAI_TKH` from `riwayat_tkh` `rtkh` where (not(`rtkh`.`ID_TKH` in (select `tkh_aktif`.`ID_TKH` from `tkh_aktif`)))) */;

/*View structure for view tkh_dihapus_row */

/*!50001 DROP TABLE IF EXISTS `tkh_dihapus_row` */;
/*!50001 DROP VIEW IF EXISTS `tkh_dihapus_row` */;

/*!50001 CREATE ALGORITHM=UNDEFINED DEFINER=`root`@`localhost` SQL SECURITY DEFINER VIEW `tkh_dihapus_row` AS (select `rtkh`.`ID_TKH` AS `ID_TKH`,`rtkh`.`NAMA_TKH` AS `NAMA_TKH`,`rtkh`.`NILAI_TKH` AS `NILAI_TKH`,coalesce(`ctkhj`.`JUMLAH_JABATAN`,0) AS `JUMLAH_JABATAN`,coalesce(`ctkhj`.`JUMLAH_KAR`,0) AS `JUMLAH_KAR` from (`tkh_dihapus` `rtkh` left join `jabatan_aktif_per_tkh_count` `ctkhj` on((`rtkh`.`ID_TKH` = `ctkhj`.`ID_TKH`))) order by `rtkh`.`ID_TKH`) */;

/*View structure for view tkh_dihapus_row_jabatan */

/*!50001 DROP TABLE IF EXISTS `tkh_dihapus_row_jabatan` */;
/*!50001 DROP VIEW IF EXISTS `tkh_dihapus_row_jabatan` */;

/*!50001 CREATE ALGORITHM=UNDEFINED DEFINER=`root`@`localhost` SQL SECURITY DEFINER VIEW `tkh_dihapus_row_jabatan` AS (select `tkhj`.`ID_JABATAN` AS `ID_JABATAN`,`rtkh`.`ID_TKH` AS `ID_TKH`,`rtkh`.`NAMA_TKH` AS `NAMA_TKH`,`rtkh`.`NILAI_TKH` AS `NILAI_TKH`,coalesce(`ck`.`JUMLAH_KAR`,0) AS `JUMLAH_KAR` from ((`tkhj_aktif` `tkhj` left join `tkh_dihapus` `rtkh` on((`tkhj`.`ID_TKH` = `rtkh`.`ID_TKH`))) left join `kar_aktif_per_jabatan_count` `ck` on((`tkhj`.`ID_JABATAN` = `ck`.`ID_JABATAN`))) order by `tkhj`.`ID_JABATAN`,`rtkh`.`ID_TKH`) */;

/*View structure for view tkhj_aktif */

/*!50001 DROP TABLE IF EXISTS `tkhj_aktif` */;
/*!50001 DROP VIEW IF EXISTS `tkhj_aktif` */;

/*!50001 CREATE ALGORITHM=UNDEFINED DEFINER=`root`@`localhost` SQL SECURITY DEFINER VIEW `tkhj_aktif` AS (select `tkhj`.`ID_TKH` AS `ID_TKH`,`tkhj`.`ID_JABATAN` AS `ID_JABATAN` from `tkh_jabatan` `tkhj` where ((`tkhj`.`PERIODE_MULAI_TKHJ` <= `periode`()) and ((`periode`() < `tkhj`.`PERIODE_AKHIR_TKHJ`) or isnull(`tkhj`.`PERIODE_AKHIR_TKHJ`)))) */;

/*View structure for view tkhj_aktif_row */

/*!50001 DROP TABLE IF EXISTS `tkhj_aktif_row` */;
/*!50001 DROP VIEW IF EXISTS `tkhj_aktif_row` */;

/*!50001 CREATE ALGORITHM=UNDEFINED DEFINER=`root`@`localhost` SQL SECURITY DEFINER VIEW `tkhj_aktif_row` AS (select `tkhj`.`ID_JABATAN` AS `ID_JABATAN`,`tkh`.`ID_TKH` AS `ID_TKH`,`tkh`.`NAMA_TKH` AS `NAMA_TKH`,`tkh`.`NILAI_TKH` AS `NILAI_TKH` from (`tkhj_aktif` `tkhj` join `tkh_aktif` `tkh`) where (`tkhj`.`ID_TKH` = `tkh`.`ID_TKH`)) */;

/*View structure for view tkhj_dihapus */

/*!50001 DROP TABLE IF EXISTS `tkhj_dihapus` */;
/*!50001 DROP VIEW IF EXISTS `tkhj_dihapus` */;

/*!50001 CREATE ALGORITHM=UNDEFINED DEFINER=`root`@`localhost` SQL SECURITY DEFINER VIEW `tkhj_dihapus` AS (select `tkhj`.`ID_TKH` AS `ID_TKH`,`tkhj`.`ID_JABATAN` AS `ID_JABATAN` from (`tkhj_dihapus_lite` `tkhj` left join `tkh_jabatan` `tkhj2` on(((`tkhj`.`ID_TKH` = `tkhj2`.`ID_TKH`) and (`tkhj`.`ID_JABATAN` = `tkhj2`.`ID_JABATAN`) and (`tkhj`.`PERIODE_MULAI_TKHJ` <> `tkhj2`.`PERIODE_MULAI_TKHJ`) and (`tkhj`.`PERIODE_AKHIR_TKHJ` <= `tkhj2`.`PERIODE_MULAI_TKHJ`)))) where isnull(`tkhj2`.`PERIODE_MULAI_TKHJ`) order by `tkhj`.`ID_TKH`,`tkhj`.`ID_JABATAN`) */;

/*View structure for view tkhj_dihapus_lite */

/*!50001 DROP TABLE IF EXISTS `tkhj_dihapus_lite` */;
/*!50001 DROP VIEW IF EXISTS `tkhj_dihapus_lite` */;

/*!50001 CREATE ALGORITHM=UNDEFINED DEFINER=`root`@`localhost` SQL SECURITY DEFINER VIEW `tkhj_dihapus_lite` AS (select `tkhj`.`ID_JABATAN` AS `ID_JABATAN`,`tkhj`.`PERIODE_MULAI_TKHJ` AS `PERIODE_MULAI_TKHJ`,`tkhj`.`PERIODE_AKHIR_TKHJ` AS `PERIODE_AKHIR_TKHJ`,`tkhj`.`ID_TKH` AS `ID_TKH` from `tkh_jabatan` `tkhj` where (not(`tkhj`.`ID_TKH` in (select `tkhj_aktif`.`ID_TKH` from `tkhj_aktif`)))) */;

/*View structure for view tkhj_dihapus_row */

/*!50001 DROP TABLE IF EXISTS `tkhj_dihapus_row` */;
/*!50001 DROP VIEW IF EXISTS `tkhj_dihapus_row` */;

/*!50001 CREATE ALGORITHM=UNDEFINED DEFINER=`root`@`localhost` SQL SECURITY DEFINER VIEW `tkhj_dihapus_row` AS (select `tkhj`.`ID_JABATAN` AS `ID_JABATAN`,`tkh`.`ID_TKH` AS `ID_TKH`,`tkh`.`NAMA_TKH` AS `NAMA_TKH`,`tkh`.`NILAI_TKH` AS `NILAI_TKH` from (`tkhj_dihapus` `tkhj` join `tkh_aktif` `tkh`) where (`tkhj`.`ID_TKH` = `tkh`.`ID_TKH`)) */;

/*View structure for view tki_all */

/*!50001 DROP TABLE IF EXISTS `tki_all` */;
/*!50001 DROP VIEW IF EXISTS `tki_all` */;

/*!50001 CREATE ALGORITHM=UNDEFINED DEFINER=`root`@`localhost` SQL SECURITY DEFINER VIEW `tki_all` AS (select `rjl`.`ID_JOB` AS `ID_JOB`,`k`.`KINERJA` AS `KINERJA`,`rtki`.`NILAI_TKI` AS `NILAI_TKI` from ((`job_gaji_all` `rjl` join `kinerja` `k`) left join `riwayat_tki` `rtki` on(((`rjl`.`ID_JOB` = `rtki`.`ID_JOB`) and (`k`.`KINERJA` = `rtki`.`KINERJA`))))) */;

/*View structure for view tki_coalesce */

/*!50001 DROP TABLE IF EXISTS `tki_coalesce` */;
/*!50001 DROP VIEW IF EXISTS `tki_coalesce` */;

/*!50001 CREATE ALGORITHM=UNDEFINED DEFINER=`root`@`localhost` SQL SECURITY DEFINER VIEW `tki_coalesce` AS (select `tki_all`.`ID_JOB` AS `ID_JOB`,`tki_all`.`KINERJA` AS `KINERJA`,coalesce(`tki_all`.`NILAI_TKI`,0) AS `NILAI_TKI` from `tki_all`) */;

/*View structure for view tmk_aktif */

/*!50001 DROP TABLE IF EXISTS `tmk_aktif` */;
/*!50001 DROP VIEW IF EXISTS `tmk_aktif` */;

/*!50001 CREATE ALGORITHM=UNDEFINED DEFINER=`root`@`localhost` SQL SECURITY DEFINER VIEW `tmk_aktif` AS (select `tmk`.`ID_TMK` AS `ID_TMK`,`tmk`.`ID_JOB` AS `ID_JOB`,`rtmk`.`BATAS_BAWAH_TMK` AS `BATAS_BAWAH_TMK`,`rtmk`.`BATAS_ATAS_TMK` AS `BATAS_ATAS_TMK`,`rtmk`.`NILAI_TMK` AS `NILAI_TMK` from (`tunjangan_masa_kerja` `tmk` left join `riwayat_tmk` `rtmk` on((`tmk`.`ID_TMK` = `rtmk`.`ID_TMK`))) where ((`rtmk`.`PERIODE_MULAI_TMK` <= `periode`()) and ((`periode`() < `rtmk`.`PERIODE_AKHIR_TMK`) or isnull(`rtmk`.`PERIODE_AKHIR_TMK`)))) */;

/*View structure for view ul_aktif */

/*!50001 DROP TABLE IF EXISTS `ul_aktif` */;
/*!50001 DROP VIEW IF EXISTS `ul_aktif` */;

/*!50001 CREATE ALGORITHM=UNDEFINED DEFINER=`root`@`localhost` SQL SECURITY DEFINER VIEW `ul_aktif` AS (select `rjl`.`ID_JOB` AS `ID_JOB`,`ul`.`JAM_LEMBUR` AS `JAM_LEMBUR`,`rul`.`UPAH_LEMBUR` AS `UPAH_LEMBUR` from ((`job_gaji_all` `rjl` join `upah_lembur` `ul` on((`rjl`.`ID_JOB` = `ul`.`ID_JOB`))) left join `riwayat_ul` `rul` on(((`ul`.`ID_JOB` = `rul`.`ID_JOB`) and (`ul`.`JAM_LEMBUR` = `rul`.`JAM_LEMBUR`)))) order by `rjl`.`ID_JOB`,`ul`.`JAM_LEMBUR`) */;

/*View structure for view ul_all_aktif */

/*!50001 DROP TABLE IF EXISTS `ul_all_aktif` */;
/*!50001 DROP VIEW IF EXISTS `ul_all_aktif` */;

/*!50001 CREATE ALGORITHM=UNDEFINED DEFINER=`root`@`localhost` SQL SECURITY DEFINER VIEW `ul_all_aktif` AS (select `rjl`.`ID_JOB` AS `ID_JOB`,`jl`.`JAM_LEMBUR` AS `JAM_LEMBUR`,`rul`.`UPAH_LEMBUR` AS `UPAH_LEMBUR` from (((`job_gaji_all` `rjl` join `jam_lembur` `jl`) left join `upah_lembur` `ul` on(((`rjl`.`ID_JOB` = `ul`.`ID_JOB`) and (`jl`.`JAM_LEMBUR` = `ul`.`JAM_LEMBUR`)))) left join `riwayat_ul` `rul` on(((`ul`.`ID_JOB` = `rul`.`ID_JOB`) and (`ul`.`JAM_LEMBUR` = `rul`.`JAM_LEMBUR`)))) order by `rjl`.`ID_JOB`,`jl`.`JAM_LEMBUR`) */;

/*View structure for view user_aktif */

/*!50001 DROP TABLE IF EXISTS `user_aktif` */;
/*!50001 DROP VIEW IF EXISTS `user_aktif` */;

/*!50001 CREATE ALGORITHM=UNDEFINED DEFINER=`root`@`localhost` SQL SECURITY DEFINER VIEW `user_aktif` AS (select `u`.`ID_USER` AS `ID_USER`,`u`.`USERNAME` AS `USERNAME`,`ru`.`NAMA_USER` AS `NAMA_USER`,`ru`.`EMAIL_USER` AS `EMAIL_USER`,`ru`.`PASSWORD_USER` AS `PASSWORD_USER`,`pu`.`ID_PU` AS `ID_PU`,`pu`.`NAMA_PU` AS `NAMA_PU` from ((`user` `u` join `peran_user` `pu`) join `riwayat_user` `ru`) where ((`u`.`ID_USER` = `ru`.`ID_USER`) and (`ru`.`ID_PU` = `pu`.`ID_PU`) and isnull(`ru`.`WAKTU_AKHIR_USER`))) */;

/*!40101 SET SQL_MODE=@OLD_SQL_MODE */;
/*!40014 SET FOREIGN_KEY_CHECKS=@OLD_FOREIGN_KEY_CHECKS */;
/*!40014 SET UNIQUE_CHECKS=@OLD_UNIQUE_CHECKS */;
/*!40111 SET SQL_NOTES=@OLD_SQL_NOTES */;
